ï»¿CODICE IDENTIFICATIVOSITO;DENOMINAZIONE SITO LOGISTICO;INDIRIZZO;PARTITA IVA;CAP;CODICECOMUNEISTAT;DESCRIZIONECOMUNE;CODICE PROVINCIA ISTAT;SIGLA PROVINCIA;DESCRIZIONE PROVINCIA;CODICEREGIONE;DATAINIZIOVALIDITA;DATAFINEVALIDITA;LATITUDINE;LONGITUDINE
2120;FARMA+ dott.Giuseppe moscariello;via del corso 60;2614750640;83048;64057;Montella;64;AV;Avellino;150;01/10/2006;-;40,84112547;15,02231764
2145;Pharma shop srl c/o C. C. Le Porte di Napoli;Via Comunale Guerra 1;3515061210;80021;63002;Afragola;63;NA;Napoli;150;01/11/2006;-;40,92738244;14,32762348
2152;Farmasanitaria IL PETTIROSSO S.r.l.;Via Roma 72;5453331216;80070;63037;Ischia;63;NA;Napoli;150;01/11/2006;-;40,74273935;13,94517985
2269;FARMASHOP SRL;VIA POSILLIPO,20;5545741216;80122;63049;Napoli;63;NA;Napoli;150;01/12/2006;-;40,81309787;14,2081261
2280;PARAFARMACIA DR. GIOVANNI CAMMARANO;VIA SAN BERARDINO,51/53;4408490656;84025;65050;Eboli;65;SA;Salerno;150;01/12/2006;-;40,61698535;15,0533864
2292;Parafarmacia Naturalia;via caprile, 34;5283191210;80071;63004;Anacapri;63;NA;Napoli;150;01/12/2006;-;40,555803;14,213633
2340;PARAFARMACIA DOTT.SSA GALLUCCI SONIA;VIA PESCATORI 41/43;2490170640;83100;64008;Avellino;64;AV;Avellino;150;01/12/2006;-;40,91385611;14,78817591
2365;FARMA+CHIC S.R.L.S. DI GENZALE E GUARINO;Via NAZIONALE;2868090644;83036;64050;Mirabella eclano;64;AV;Avellino;150;01/06/2016;-;41,05067593;14,9883766
2409;Parafarmacia srl;via Roma;4246470654;84044;65003;Albanella;65;SA;Salerno;150;01/12/2006;-;40,47490031;15,12041399
2467;UBALDO CERCHIA SNC;VIA TOLEDO, 69/70;1703190635;80100;63049;Napoli;63;NA;Napoli;150;01/01/2007;-;40,84343138;14,24899032
2490;Parafarmacia Gallucci D.ssa Rosanna;Via provinciale Puglietta;2223060654;84022;65022;Campagna;65;SA;Salerno;150;01/01/2007;-;40,649288;15,149776
2540;parafarmacia;via pigna 213;5591521215;80128;63049;Napoli;63;NA;Napoli;150;01/01/2007;-;40,93213321;14,17479371
2541;AUCHAN;VIA SANTA MARIA A CUBITO;3349310965;80014;63034;Giugliano in campania;63;NA;Napoli;150;01/01/2007;-;40,93025982;14,10297438
2547;La Masseria srl;Viale I Maggio III Trav.;3451491215;80024;63016;Cardito;63;NA;Napoli;150;01/01/2007;-;40,9403298;14,304409
2581;Parafarmacia Dott.sa Savoia;Via S. Croce 11;5571571214;80054;63035;Gragnano;63;NA;Napoli;150;01/01/2007;-;40,68665648;14,53647159
2582;ESPOSITO ANIELLO;CORSO GARIBALDI 34;3295770618;81034;61101;Falciano del massico;61;CE;Caserta;150;01/01/2007;-;41,1422989;13,96394309
2605;EUROPHARMA S.A.S. di ESPOSITO ENRICO & C.;VIALE MARGHERITA ANG. VIA DOMIZIANA;1910980612;81034;61052;Mondragone;61;CE;Caserta;150;01/01/2007;-;41,11061077;13,91615321
2672;PARAFARMACIA SUSY;VIA LEPANTO 147/149;4438920656;80045;63058;Pompei;63;NA;Napoli;150;01/02/2007;-;40,74980503;14,50914503
2727;FARMACIA VETERINARIA DEL DR MARIO DOMENICO CAPECE;CONTRADA CUFFIANO, PIAZZA CHIESA, 421;702760620;82026;62044;Morcone;62;BN;Benevento;150;01/12/2010;-;41,3397702;14,6654553
2730;Parafarmacia Aldo Fraso S.A.S;via Roma 16/c;5163170656;84100;65116;Salerno;65;SA;Salerno;150;01/07/2013;-;40,6771188;14,762469
2739;"Parafarmacia ""Codinfarma""";via San Valentino 6;4419280658;84087;65135;Sarno;65;SA;Salerno;150;01/04/2007;-;40,7877033;14,612331
2764;HERBARIUM A. & C. di E. Cavaliere & C. Sas;VIA ROMA, 56;3142850654;84010;65068;Minori;65;SA;Salerno;150;01/02/2007;-;40,65215514;14,61220201
2793;Erboristeria Stramonio;Piazza Vittorio Emanuele;5498941219;80010;63087;Villaricca;63;NA;Napoli;150;01/02/2007;-;40,8895511;14,2361208
2862;Erbasan;Via Italia 61;4927370652;84040;65025;Capaccio;65;SA;Salerno;150;01/03/2007;-;40,45400281;15,00943376
2875;Farma-Salus;via campizze;2432500649;83017;64080;Rotondi;64;AV;Avellino;150;01/03/2007;-;41,0521691;14,6018484
2883;parafarmacia g.moscati snc;via provinciale fratta,19;6669811215;80020;63030;Crispano;63;NA;Napoli;150;01/03/2007;-;40,9491285;14,2861741
2892;ESERCIZIO FARMACEUTICO DE.CA.;VIA ELEA 158;5310701213;84046;65009;Ascea;65;SA;Salerno;150;01/03/2007;-;40,1794405;15,2533785
2920;Parafarmacia Moroni Ada;via Cristoforo Colombo snc;1398540623;82037;62074;Telese;62;BN;Benevento;150;01/03/2007;-;41,20778824;14,50955687
2932;Parafarmacia Il Sorriso srl;via N. M. Venuti 5/7;5550581218;80056;63064;Ercolano;63;NA;Napoli;150;01/12/2008;-;40,810801;14,356959
2947;PARAFARMACIA DOTT.SSA FERRARO EMERENZIANA;VIA G.ORLANDI 177/A;5668051211;80071;63004;Anacapri;63;NA;Napoli;150;01/03/2007;-;40,555803;14,213633
2989;Panacea Sud del Dott.Agostino Esposito;ia San Cosmo F.Porta Nolana,7;5457511219;80142;63049;Napoli;63;NA;Napoli;150;01/03/2007;-;40,8506962;14,2463172
3019;SCIUMANO' SIMONA;VIA B. GAETA 12;4437510656;84125;65116;Salerno;65;SA;Salerno;150;01/03/2007;-;40,6640581;14,7939199
3029;parafarmacia dott.F.Landolfi;via Piano 62;1394460628;82017;62047;Pannarano;62;BN;Benevento;150;01/03/2007;-;41,00367272;14,69540067
3041;PROFARMACO S.R.L.;Via Bologna, 22;3924120615;81022;61018;Casagiove;61;CE;Caserta;150;01/03/2007;-;41,0764214;14,31603615
3054;DACO S.R.L.;CORSO ITALIA N. 219;5536881211;80067;63080;Sorrento;63;NA;Napoli;150;01/04/2007;-;40,624906;14,374836
3075;NATURAL WAY della D.ssa Polverino Anna;Via Malche , 61;4404040653;84090;65055;Giffoni sei casali;65;SA;Salerno;150;01/04/2007;-;40,7403321;14,88771233
3128;erboristeria optime;via cosenza 22;622601219;80053;63024;Castellammare di stabia;63;NA;Napoli;150;01/04/2007;-;40,69663035;14,48180649
3131;VETERFARM SRL;VIA NAZIONALE APPIA KM 200;2895260616;81043;61015;Capua;61;CE;Caserta;150;01/04/2007;-;41,11640561;14,20901801
3159;Farmaci senza obbligo di ricetta s.a.s.;via Luigi Bozzaotra nÂ°5;5682331219;80061;63044;Massa lubrense;63;NA;Napoli;150;01/04/2007;-;40,59804706;14,35384555
3165;MEDI-FARM Parafarmacia;Viale Marconi 73/75;4430960650;84013;65037;Cava de' tirreni;65;SA;Salerno;150;01/04/2007;-;40,701728;14,705497
3166;MEDI-FARM Parafarmacia;Via Balzico 46;4430960650;84100;65116;Salerno;65;SA;Salerno;150;01/04/2007;-;40,6777997;14,7682208
3192;PHARMASANITARIA IZZO DI IZZO ORSOLA;VIA STANISLAO MANNA 78;7397390639;80126;63049;Napoli;63;NA;Napoli;150;01/05/2007;-;40,8470766;14,19888495
3226;PARAFARMACIA DOTT. CRINISIO ADOLFO;VIA NAPPI 16;2507030647;83100;64008;Avellino;64;AV;Avellino;150;01/05/2007;-;40,91385611;14,78817591
3228;Coop Salute Afragola;#NOME?;3600350361;80021;63002;Afragola;63;NA;Napoli;150;01/02/2016;-;40,9230386;14,309304
3229;Coop Salute Avellino;Via S. Pescatori - Contrada Baccanico;3600350361;83100;64008;Avellino;64;AV;Avellino;150;01/02/2016;-;40,9182598;14,7822894
3239;NEW PHARMA DI SABATO NOVIELLO;VIA NAZIONALE, 179 LOC.ALVANELLA;2510580646;83024;64054;Monteforte irpino;64;AV;Avellino;150;01/05/2007;-;40,89998788;14,70587518
3308;la sanitaria di Castaldo Mario;Via provinciale per nola,118;222821217;80030;63069;San paolo bel sito;63;NA;Napoli;150;01/05/2007;-;40,91238227;14,55245965
3336;PHARMASHOP;CORSO ITALIA 180;1076371218;80063;63053;Piano di sorrento;63;NA;Napoli;150;01/05/2007;-;40,62493374;14,42448639
3339;PARAFARMACIA DELLA DOTT.SSA TERESA SALZANO;VIA TRENTO N. 38/40;3854330655;84016;65088;Pagani;65;SA;Salerno;150;01/05/2007;-;40,74503;14,621485
3347;Le erbe medicinali;Piazza Antonio De Martino 54;3992111215;80036;63052;Palma campania;63;NA;Napoli;150;01/05/2007;-;40,85897523;14,55748514
3388;centro commerciale  i decumani;ss. appia km. 195,400;5582821210;81041;61100;Vitulazio;61;CE;Caserta;150;01/06/2007;-;41,14623302;14,19316805
3389;centro commeriale appia center;via naz. appia s.s. 7 bis km. 10,800;5582821210;81030;61092;Teverola;61;CE;Caserta;150;01/06/2007;-;41,01089241;14,21803152
3390;Parafarmacia delle Grazie;Via Madonna delle Grazie, 137/139;5732301212;80054;63035;Gragnano;63;NA;Napoli;150;01/05/2007;-;40,70958264;14,50868317
3446;PARAFARMACIA Dott. Luigi Buono;VIA PROVINCIALE PANZA NÂ°200;5766131212;80075;63031;Forio;63;NA;Napoli;150;01/06/2007;-;40,72577963;13,86545927
3464;PARAPHARMACIA LA CICOGNA S.A.S;VIALE DEGLI OLEANDRI 1;2668370618;81030;61027;Castel volturno;61;CE;Caserta;150;01/06/2007;-;41,0275785;13,97286953
3506;PARAFARMACIA BEAUTY & PHARM;CORSO VITTORIA COLONNA 224;5072891210;80077;63037;Ischia;63;NA;Napoli;150;01/06/2007;-;40,7414255;13,9477735
3507;Parafarmacia Baby & Beauty;Corso Luigi Manzi.99;5072891210;80075;63019;Casamicciola terme;63;NA;Napoli;150;01/06/2007;-;40,74113912;13,90962355
3531;elisir;via cimitero 72;5632101217;80036;63052;Palma campania;63;NA;Napoli;150;01/07/2007;-;40,865281;14,5458625
3595;FARMASHOP;CORSO V.VENETO N.69;2426160640;83035;64038;Grottaminarda;64;AV;Avellino;150;01/07/2007;-;41,08941222;14,966016
3596;durante nunzia;via municipio, 83;1406540623;82034;62037;Guardia sanframondi;62;BN;Benevento;150;01/07/2007;-;41,24528385;14,59012077
3604;sanipharm parafarmacia;piazza spera 5;268490653;84010;65132;San valentino torio;65;SA;Salerno;150;01/07/2007;-;40,7912394;14,6016922
3615;parafarmacia dott Carmela Moscariello;via Don Minzoni 27/29;2424530646;83048;64057;Montella;64;AV;Avellino;150;01/07/2007;-;40,82937728;15,00989672
3660;Parafarmacia-erboristeria d.ssa Naclerio Maria Ser;viale della vittoria,3;5752381219;80051;63003;Agerola;63;NA;Napoli;150;01/07/2007;-;40,65246862;14,54109372
3675;Parafarmacia dr.R.D'Urso;via Martiri Ungheresi, 9;4499840652;84100;65116;Salerno;65;SA;Salerno;150;01/08/2007;-;40,66577801;14,79569175
3679;FARMACIA DEI SOP & OTC;CORSO EUROPA 30;3357130610;81030;61103;Casapesenna;61;CE;Caserta;150;01/08/2007;-;40,98958254;14,13722532
3744;gioima.snc;Via Monte dei Pegni 21;3350300616;81043;61015;Capua;61;CE;Caserta;150;01/08/2007;-;41,11640561;14,20901801
3748;parafarmacia di luca manuela;Via Picentia, 42;5464400653;84098;65099;Pontecagnano faiano;65;SA;Salerno;150;01/01/2017;-;40,6404318;14,884386
3760;Parafarmacia Dr Di Novella;via TrinitÃ ;4443140654;84036;65114;Sala consilina;65;SA;Salerno;150;01/08/2007;-;40,3751139;15,6110071
3786;"Parafarmacia ""La Coccinella""";via Scafati, 112;5746121218;80057;63074;Sant'antonio abate;63;NA;Napoli;150;01/08/2007;-;40,72942995;14,53848234
3796;PARAFARMACIA DOTT. PASQUALE PAGANO;VIA DANTE 29;4514550658;84098;65099;Pontecagnano faiano;65;SA;Salerno;150;01/09/2007;-;40,6459437;14,872431
3810;parafarmacia dot.ssa Cafaro;via dante 13;4506010653;84098;65099;Pontecagnano faiano;65;SA;Salerno;150;01/09/2007;-;40,6453663;14,8720416
3812;FARMAPIU' di Aliberti Sofia;Via S. Allende, 14;5662550655;84081;65013;Baronissi;65;SA;Salerno;150;01/04/2018;-;40,750252;14,776012
3829;PHARMA SOP S.R.L.;Viale Van Gogh (angolo Viale Kennedy);5557781217;81031;61005;Aversa;61;CE;Caserta;150;01/09/2007;-;40,973212;14,204928
3830;PHARMA SOP S.R.L.;Via Giulio Cesare, 50/54;5557781217;80100;63049;Napoli;63;NA;Napoli;150;01/09/2007;-;40,81125146;14,05134321
3877;MOSCARIELLO IRENE;VIA R. SERAFINO 174;5744151217;80040;63081;Striano;63;NA;Napoli;150;01/09/2007;-;40,815911;14,576538
3914;De Nisco Bianca;Via Napoli, 4;818900623;82031;62002;Amorosi;62;BN;Benevento;150;01/09/2007;-;41,19504095;14,47548955
3930;elisir bottega delle erbe;via S. Giovanni Bosco;3566490656;84100;65116;Salerno;65;SA;Salerno;150;01/09/2007;-;40,70309074;14,71991924
3939;parafarmacia;via case di conte;4420700652;84090;65055;Giffoni sei casali;65;SA;Salerno;150;01/09/2007;-;40,7403321;14,88771233
3942;MONDO FARMA di Pescosolido Teresa & C. S.a.s.;Via ROSA JEMMA 91;4410890653;84091;65014;Battipaglia;65;SA;Salerno;150;01/09/2007;-;40,60560565;14,98147375
3960;LA GINESTRA di ELISABETTA DE MICHELE S.A.S.;VIA MONTE FAITO N. 1/3;5614731213;80144;63049;Napoli;63;NA;Napoli;150;01/10/2007;-;40,8506962;14,2463172
3975;BARCA MEDICAL SRL;VIA G. DA RAVENNA N. 19;4544000658;84125;65116;Salerno;65;SA;Salerno;150;01/07/2008;-;40,6794361;14,7635572
3991;PARAPHARMACIA SALUS DI DR. MANZO MASSIMILIANO;VIA SANT'ANTONIO ABATE,83;4484410651;84018;65137;Scafati;65;SA;Salerno;150;01/10/2007;-;40,74114494;14,53174315
4024;parafarmacia dott.ssa de angelis fabrizia;via degli aranci 97/b;5813531216;80067;63080;Sorrento;63;NA;Napoli;150;01/10/2007;-;40,624906;14,374836
4028;parafarmacia farmaitalia;via Donato Riccio 9;4520610652;84049;65035;Castel san lorenzo;65;SA;Salerno;150;01/09/2007;-;40,4202013;15,2230645
4034;FARMASHOP INTERNAZIONALE;CORSO ITALIA 136;5743751215;80063;63053;Piano di sorrento;63;NA;Napoli;150;01/10/2007;-;40,63715595;14,40970312
4056;SG international srl unipersonale;Via Martiri della Loggia, 118;6904521215;84010;65122;San marzano sul sarno;65;SA;Salerno;150;01/05/2011;-;40,7776232;14,5896115
4061;BUDETTA FARMA;Via Cavour 102;4302720653;84096;65073;Montecorvino rovella;65;SA;Salerno;150;01/08/2008;-;40,69451;14,9793979
4087;IPERCOOP QUARTO;Via Masullo, 76;3600350361;80010;63063;Quarto;63;NA;Napoli;150;01/09/2015;-;40,8771275;14,1121464
4089;Pharma 2 di Rispoli e Lauretano s.r.l.;Via Umberto I, 66;4512810658;84010;65102;Praiano;65;SA;Salerno;150;01/11/2007;-;40,6096904;14,5309011
4093;parafarmacia;viale principe amedeo 82;2531120646;83029;64101;Solofra;64;AV;Avellino;150;01/11/2007;-;40,8325716;14,8457353
4114;parafarmacia del corso;corso umberto I, 718 bis;3375620618;81033;61019;Casal di principe;61;CE;Caserta;150;01/11/2007;-;41,02508456;14,11437513
4118;PARAFARMACIA CENTRALE S.R.L.;piazza casalbore 14;4532590652;84100;65116;Salerno;65;SA;Salerno;150;01/11/2007;-;40,6797135;14,7704246
4122;LA PARAFARMACIA SRL;Via De Gasperi, 57;2394120618;81030;61087;Sant'arpino;61;CE;Caserta;150;01/10/2007;-;40,959366;14,249536
4140;supersanitariadue sas;via boccio,5;3530091218;80035;63050;Nola;63;NA;Napoli;150;01/11/2007;-;40,9220129;14,532936
4141;NARDIFARM S.R.L.;Via ROMA N9/11;4192630616;81022;61018;Casagiove;61;CE;Caserta;150;01/02/2017;-;41,08413172;14,3070066
4145;AUCHAN;LOCALITA' BOSCOFANGONE;3349310965;80035;63050;Nola;63;NA;Napoli;150;01/11/2007;-;40,9220129;14,532936
4148;PARAFARMACIA DOTT.SSA SIMONETTI;VIA AMILCARE BOCCIO 85-87;5853531217;80035;63050;Nola;63;NA;Napoli;150;01/11/2007;-;40,9220129;14,532936
4153;PARAFARMACIA DI CIRILLO ANNUNZIATA;VIA G.CASTELLACCIO 56;5821911210;80075;63031;Forio;63;NA;Napoli;150;01/11/2007;-;40,727537;13,87247039
4162;SANITARIA ORTOPEDIA CARDONE;VIA DEI LONGOBARDI 15;157320623;82100;62008;Benevento;62;BN;Benevento;150;01/11/2007;-;41,1295587;14,7824639
4214;PARAFARMACIA del Dr.Giovanni D'Anna;Via Catello Fusco 7;5851251214;80053;63024;Castellammare di stabia;63;NA;Napoli;150;01/11/2007;-;40,69663035;14,48180649
4219;ERBORISTERIA IL CICLAMINO;VIA NAPOLI, 85/B;5864891212;80018;63048;Mugnano di napoli;63;NA;Napoli;150;01/11/2007;-;40,90298979;14,20821618
4233;artemisia s.r.l;via gianfrotta 1;3812590614;81054;61081;San prisco;61;CE;Caserta;150;01/11/2007;-;41,08786605;14,2728541
4241;FARMASANITARIA ANNO ZERO;CORSO ALDO MORO, 22;4697911214;81055;61083;Santa maria capua vetere;61;CE;Caserta;150;01/11/2007;-;41,0819088;14,25835446
4275;PARAFARMACIA GIORDANO BRUNO;PIAZZA GIORDANO BRUNO, 30;5853531217;80035;63050;Nola;63;NA;Napoli;150;01/12/2007;-;40,9220129;14,532936
4297;SALUTE E NATURA;PIAZZA GIOBERTI,34;4000130650;84091;65014;Battipaglia;65;SA;Salerno;150;01/12/2007;-;40,59432999;14,95514636
4300;VETERSHOP;VIA LAGO PATRIA 184;5218921210;80014;63034;Giugliano in campania;63;NA;Napoli;150;01/12/2007;-;40,93025982;14,10297438
4305;Garbo di Zoccola Domenico e Floriana;via vigna, 24/26;4584510657;84099;65118;San cipriano picentino;65;SA;Salerno;150;01/05/2008;-;40,6997084;14,8701713
4353;DE CIMMA ROCCO GIANLUCA;via s lucia;5576141211;80132;63049;Napoli;63;NA;Napoli;150;01/12/2007;-;40,83226276;14,24932477
4364;Sanitaria Del Corso Della dr.ssa Ramaschiello Giu;Corso Vittorio Emanuele nÂ° 45;3623030651;84014;65078;Nocera inferiore;65;SA;Salerno;150;01/01/2008;-;40,8150042;14,6143792
4372;PARAFARMACIA DOTT.SSA BASILISCO CONSOLATA;VIA DEL GRANO;5779111219;84025;65050;Eboli;65;SA;Salerno;150;01/01/2008;-;40,61395705;15,07854485
4374;PARAFARMACIA SANTOSUOSSO PIA;Via Aldo Moro 52/54;2538530649;83042;64006;Atripalda;64;AV;Avellino;150;01/10/2011;-;40,9168662;14,784891
4419;PARAFARMACIA SALUTE E BENESSERE S.R.L.;VIA CIRCUMVALLAZIONE 272;5793201210;80035;63050;Nola;63;NA;Napoli;150;01/01/2008;-;40,9220129;14,532936
4463;Parafarmacia De.Fal.;Via Fucilari nÂ°35;3309960650;84014;65078;Nocera inferiore;65;SA;Salerno;150;01/01/2008;-;40,7413509;14,6467403
4482;Parafarmacia Amato dr. Pasquale;Via Cacciatori dell'Irno, 13;1132120658;84100;65116;Salerno;65;SA;Salerno;150;01/02/2008;-;40,6796742;14,7740039
4502;Pharm@shop di Pier Luigi Guida;via Vittorio Emanuele, 50;4435650652;84040;65038;Celle di bulgheria;65;SA;Salerno;150;01/02/2008;-;40,0940908;15,3846018
4505;la Parafarmacia del de. mario grande;c/o Elim Iperpolla;1345490765;84035;65097;Polla;65;SA;Salerno;150;01/02/2008;-;40,5148399;15,4948137
4509;Parafarmacia Dott. G. Montanaro;via Roma n.37;3399470610;81051;61058;Pietramelara;61;CE;Caserta;150;01/02/2008;-;41,26800103;14,18526516
4511;PARAFARMACIA MALIES;Piazza dei commestibili-Galleria commerciale Malies;3392910612;82100;62008;Benevento;62;BN;Benevento;150;01/02/2008;-;41,1295587;14,7824639
4514;Gabriella Buffardo;P.tta XI novembre;3125270615;84030;65077;Morigerati;65;SA;Salerno;150;01/02/2008;-;40,14926161;15,53381703
4524;parafarmacia dott. coppola;via bolivar 47;317110658;84059;65021;Camerota;65;SA;Salerno;150;01/02/2008;-;40,00065972;15,37098821
4534;D'AGOSTINO IOLANDA;VIA LONGANO, 6/A;5918351213;80073;63014;Capri;63;NA;Napoli;150;01/02/2008;-;40,55122834;14,24337759
4538;La Parafarmacia del dott. Mario Grande;c/o Elim;1345490765;84035;65097;Polla;65;SA;Salerno;150;01/02/2008;-;40,50955798;15,48841876
4554;PARAFARMACIA NATURFARMA dott.ssa Katia Giaquinto;VIA PROVICIALE TURCI, 40;2544610641;83026;64062;Montoro superiore;64;AV;Avellino;150;01/02/2008;-;40,82217934;14,80753025
4559;Erboristeria In Natura Salus;Via piave 08;2847490659;84100;65116;Salerno;65;SA;Salerno;150;01/02/2008;-;40,78150014;14,68636746
4587;FARMAFELIX;via S. Felice, 59;5930071211;80035;63050;Nola;63;NA;Napoli;150;01/02/2008;-;40,9220129;14,532936
4591;PARAFARMACIA;VIA VITO LEMBO;4562040651;84020;65089;Palomonte;65;SA;Salerno;150;01/12/2013;-;40,6638753;15,293826
4622;Parafarmacia dott.ssa Natale Roberta;via Umberto I 27;3413130612;81030;61054;Parete;61;CE;Caserta;150;01/03/2008;-;40,9568479;14,15469241
4633;Farma Boutique;Via variante, 7 bis 78/80;5903841210;80035;63050;Nola;63;NA;Napoli;150;01/11/2012;-;40,932462;14,517767
4651;FARMAGRECA DI APREA SABRINA;VIA MASCAGNI 54;5932721219;80128;63049;Napoli;63;NA;Napoli;150;01/03/2008;-;40,8506962;14,2463172
4660;inpharma s.r.l.;via retella angolo via greco centro commerciale massaro;3379620614;81020;61013;Capodrise;61;CE;Caserta;150;01/03/2008;-;41,04457367;14,3029895
4668;FARMA POINT SRL;C.SO UMBERTO I, 2/1;4543660650;84085;65067;Mercato san severino;65;SA;Salerno;150;01/03/2008;-;40,7761799;14,747158
4688;RIZZO ROBERTO;VIA GUGLIELMO MARCONI 290;4557930650;84017;65100;Positano;65;SA;Salerno;150;01/03/2008;-;40,63335241;14,49095229
4707;parafarmacia due esse;via Giacomo Piscicelli 42;5872851216;80121;63049;Napoli;63;NA;Napoli;150;01/03/2008;-;40,85194112;14,22847356
4725;Parafarmacia Sanifarm;Via del Centenario, 103/105;379150659;84091;65014;Battipaglia;65;SA;Salerno;150;01/04/2008;-;40,61399115;14,982584
4729;SCHIAVONE ALFONSINA;C.SO UMBERTO I,492;3409300617;81033;61019;Casal di principe;61;CE;Caserta;150;01/04/2008;-;41,00989583;14,0791805
4740;parafarmacia del Dr. Ferdinando Corcione;Corso Italia 321/A;5914521215;80067;63080;Sorrento;63;NA;Napoli;150;01/04/2008;-;40,624906;14,374836
4744;Parafarmacia Dott. D'Amore sas;Via Mancini 132;2135720643;83100;64008;Avellino;64;AV;Avellino;150;01/04/2008;-;40,89847661;15,43285067
4746;IL MONDO DEI BIMBI di GAROFALO ASSUNTA;VIA NAZIONALE DELLE PUGLIE 269/BIS;3207711213;80030;63075;San vitaliano;63;NA;Napoli;150;01/04/2008;-;40,927213;14,480134
4756;Parafarmacia DEA Dott.ssa Emilia Accardo;Corso G. Garibaldi 174;2693140739;83045;64015;Calitri;64;AV;Avellino;150;01/04/2008;-;40,9010388;15,4337087
4767;DECA CHEMIST'S;VIA TAVERNA ROSSA 157;5310701213;80020;63021;Casavatore;63;NA;Napoli;150;01/04/2008;-;40,89169295;14,27937925
4773;Parafarmacia Medi;Via Cannaviello, 15;2536690643;83100;64008;Avellino;64;AV;Avellino;150;01/05/2016;-;40,9193254;14,7897384
4795;DEVITALFARM;VIA FRANCESCO SPIRITO,32;4577540653;84094;65116;Salerno;65;SA;Salerno;150;01/04/2008;-;40,71266731;14,93828117
4802;Parafarmacia;via C.Pisacane 50;3125270615;84064;65039;Centola;65;SA;Salerno;150;01/04/2008;-;40,0366;15,28671
4805;NATURAL WAY della D.ssa Polverino Anna;Via F. Spirito, 91;4404040653;84095;65056;Giffoni valle piana;65;SA;Salerno;150;01/04/2008;-;40,71278;14,938205
4810;massimo guglielmino;via porta rufina,15;3110641218;82100;62008;Benevento;62;BN;Benevento;150;01/04/2008;-;41,12855541;14,77651384
4816;Parafarmacia Vaticale;Via Vaticale, 269;3399830615;81033;61019;Casal di principe;61;CE;Caserta;150;01/04/2008;-;41,02508456;14,11437513
4818;Parafarmacia Nizza;via Nizza, 113;3117920656;84124;65116;Salerno;65;SA;Salerno;150;01/04/2008;-;40,68135705;14,77451205
4829;TULIPANO NERO SRL UNIPERSONALE;Via Tasso N.31;5997181218;80067;63080;Sorrento;63;NA;Napoli;150;01/04/2008;-;40,62670251;14,37177282
4835;SANITARIA ORTOPEDIA DI CARDONE PIA;VIALE MINIERI, 136;157320623;82037;62074;Telese;62;BN;Benevento;150;01/04/2008;-;41,21839276;14,52743382
4854;Farmastore Celano srl;via pacinotti;5165050658;84098;65099;Pontecagnano faiano;65;SA;Salerno;150;01/11/2013;-;40,6347346;14,9039411
4855;Parafarmacia Abate di Galzerano Maria Cristina;Via torrione n 59;5489050657;84100;65116;Salerno;65;SA;Salerno;150;01/05/2016;-;40,6724281;14,77897
4875;farmashop s.r.l.;c.vittorio emanuele;5974391210;80030;63065;Roccarainola;63;NA;Napoli;150;01/05/2008;-;40,98986006;14,54460706
4906;C&M di Minutolo Cristina S.a.s.;Via Fontana,9;1417580626;82030;62038;Limatola;62;BN;Benevento;150;01/05/2008;-;41,13463283;14,39778055
4909;Benessere del dott. Filomeno Nunziata;Via Roma 10;6022291212;80040;63066;San gennaro vesuviano;63;NA;Napoli;150;01/05/2008;-;40,8589128;14,5250348
4925;Parafarmacia Scarlatti;Via Scarlatti 173 int 6;5981791212;80127;63049;Napoli;63;NA;Napoli;150;01/05/2008;-;40,8506962;14,2463172
4932;parfarmacia internazionale srl;via aversano 4;4500290657;84125;65116;Salerno;65;SA;Salerno;150;01/05/2008;-;40,6815215;14,7690781
4933;Il Tulipano di Ammendola Maria;Via ceccano 4/A;4414821217;81100;61022;Caserta;61;CE;Caserta;150;01/05/2008;-;41,083215;14,3349289
4937;RUOCCO MARIA MADDALENA;VIA ROMA N. 26;2704161211;80040;63066;San gennaro vesuviano;63;NA;Napoli;150;01/05/2008;-;40,8589128;14,5250348
4985;Parafarmacia Nappi dott.ssa Nappi Carmela;Via P.Vivenzio 26/A;2561250644;80035;63050;Nola;63;NA;Napoli;150;01/06/2008;-;40,9220129;14,532936
5012;optima sas;via cesare battisti p.co futura snc;3398630610;81016;61057;Piedimonte matese;61;CE;Caserta;150;01/06/2008;-;41,37497879;14,37947562
5039;Parafarmacia del Polo;Zona ASI sud c/o Polo della qualitÃ ;3171500618;81025;61049;Marcianise;61;CE;Caserta;150;01/07/2008;-;41,0228387;14,2949929
5053;PARAFARMACIA SANTA LUCIA;VIA G.LAMBERTI 9;4597290651;84010;65037;Cava de' tirreni;65;SA;Salerno;150;01/07/2008;-;40,702636;14,704569
5060;fulvio natale;calata porta massa;5455480631;80132;63049;Napoli;63;NA;Napoli;150;01/06/2008;-;40,8506962;14,2463172
5073;MARCANTONIO ABBATE;VICOLETTO BELLEDONNE 21;3390320616;80121;63049;Napoli;63;NA;Napoli;150;01/06/2008;-;40,8506962;14,2463172
5096;Farma De Lucia del dott.Achille De Lucia s.r.l.;via roma n. 185;4563230657;82011;62005;Arpaia;62;BN;Benevento;150;01/07/2008;-;41,035585;14,545442
5097;parafarmacia de lucia;via roma;4563230657;82011;62005;Arpaia;62;BN;Benevento;150;01/07/2008;-;41,03247996;14,54867791
5098;PARAFARMACIA DEL DOTT. DE LUCIA;VIA ROMA n. 185/187;4563230657;82011;62005;Arpaia;62;BN;Benevento;150;01/07/2008;-;41,03247996;14,54867791
5102;lunafarm srl;piazza musco 13/15;5766721210;80039;63076;Saviano;63;NA;Napoli;150;01/07/2008;-;40,90053807;14,50338041
5120;PARAFARMACIA CUMANA;VIA N. FASANO, 6 Bis;6036851217;80078;63060;Pozzuoli;63;NA;Napoli;150;01/08/2008;-;40,85053683;14,10384166
5145;PANTA FARMA srl;Corso Italia, 103;5827751214;80063;63053;Piano di sorrento;63;NA;Napoli;150;01/08/2008;-;40,63715595;14,40970312
5147;Kiasarai;Piazza Antonio Gaetani;3430110613;81016;61057;Piedimonte matese;61;CE;Caserta;150;01/08/2008;-;41,37497879;14,37947562
5148;Parafarmacia dott. Della Monica Carmine;via Pio XII, 84/86;4255150650;84025;65050;Eboli;65;SA;Salerno;150;01/08/2008;-;40,61448408;15,0500411
5158;BETA MARKET S.R.L.;VIA N. BRUNI GRIMALDI 117;2748370653;84014;65078;Nocera inferiore;65;SA;Salerno;150;01/09/2008;-;40,744741;14,631697
5162;E.LECLERC CONAD;STRADA PROVINCIALE TRENTOLA PARETE, SNC;1967130541;81038;61094;Trentola-ducenta;61;CE;Caserta;150;01/09/2008;-;40,9768807;14,1757323
5181;PARAFARMACIA EPOMEO;VIA EPOMEO 12 B;5949101215;80126;63049;Napoli;63;NA;Napoli;150;01/09/2008;-;40,8506962;14,2463172
5207;Vetzoo Di Buglione Antonio;Str. Prov.le Riardo-Pietramelara Loc. Pantane;2878230784;81053;61068;Riardo;61;CE;Caserta;150;01/09/2008;-;41,26976892;14,1453375
5211;ettu john ogbu;via roma;5779011211;80011;63001;Acerra;63;NA;Napoli;150;01/09/2008;-;40,96659442;14,38827024
5222;parafarmacia cernuzio;corso claudio;7170657;84083;65034;Castel san giorgio;65;SA;Salerno;150;01/10/2008;-;40,78214794;14,70047956
5246;Migliozzi s.r.l forniture dentali;via torrebianca, 38;7633960633;81031;61005;Aversa;61;CE;Caserta;150;01/10/2008;-;40,98155684;14,21078194
5257;Parafarmacia Dott. Flavio Palladino;via Angelo Rubino 250;4631390657;84078;65154;Vallo della lucania;65;SA;Salerno;150;01/10/2008;-;40,23039419;15,26509352
5262;CORREALE ANNA;VIA ROMA 23;6076731212;80069;63086;Vico equense;63;NA;Napoli;150;01/10/2008;-;40,66181999;14,42702789
5267;LOMBARDI PHARMA GROUP SNC DI LOMBARID ANTONIO;Via XXV luglio 146;4277050656;84013;65037;Cava de' tirreni;65;SA;Salerno;150;01/02/2017;-;40,713295;14,70399
5323;Parafarmacia Tenore;Via salvatore de angelis, 3;3272880653;84082;65016;Bracigliano;65;SA;Salerno;150;01/05/2017;-;40,82486419;14,70810644
5339;Parafarmacia S.Matteo;Via Luigi Guercio ,27;2069820229;84100;65116;Salerno;65;SA;Salerno;150;01/11/2008;-;40,67873679;14,77613052
5355;PARAFARMACIA S.B. SRL;Via Atzori, n. 226/228;4629900657;84014;65078;Nocera inferiore;65;SA;Salerno;150;01/02/2017;-;40,7396486;14,6376849
5397;Parafarmacia Salute e Bellezza e C. S.a.s.;Via Garibaldi, 40;4622420653;84014;65078;Nocera inferiore;65;SA;Salerno;150;01/12/2008;-;40,744163;14,639566
5398;Salus Romulea;Via Virgilio,8;2572490643;83044;64011;Bisaccia;64;AV;Avellino;150;01/12/2008;-;41,00815261;15,36482112
5413;Parafarmacia Gambardella;via Isaia Gabola;4645600653;84014;65078;Nocera inferiore;65;SA;Salerno;150;01/12/2008;-;40,7467068;14,628239
5417;medifarm.care srl;via Alfonso Balzico, 46;4614530659;84100;65116;Salerno;65;SA;Salerno;150;01/12/2008;-;40,69922045;14,70708505
5427;S.P.F. s.p.a. PHARMAHOUSE;Piazza Garibaldi - FS Stazione di Caserta;5758491210;81100;61022;Caserta;61;CE;Caserta;150;01/12/2008;-;41,083215;14,3349289
5436;FARMAX di Massimo Montello;VIA GIACINTO GIGANTE 56;6206251214;80026;63023;Casoria;63;NA;Napoli;150;01/12/2008;-;40,9045572;14,2901223
5477;MEDICAL DENTAL SERVICE;VIA MATTEO GALLIANO 5;3211210657;84126;65116;Salerno;65;SA;Salerno;150;01/01/2009;-;40,68623579;14,77447851
5485;Sanifar dei dottori Pompamea di A. Pompamea - sas;Via Posidonia N.95/A;4701520654;84127;65116;Salerno;65;SA;Salerno;150;01/04/2009;-;40,6694434;14,7861451
5489;La Cicogna di Scotellaro Luigi;Via Regina Margherita, n.44;5349451210;80145;63049;Napoli;63;NA;Napoli;150;01/01/2009;-;40,8506962;14,2463172
5491;Drugs & More;Stazione Marittima Napoli Doc;1599610704;80100;63049;Napoli;63;NA;Napoli;150;01/01/2009;-;40,8517746;14,2681244
5515;Parafarmacia dott.ssa Amato Maria;Via Nazionale;4662570656;84040;65032;Castelnuovo cilento;65;SA;Salerno;150;01/02/2009;-;40,225167;15,164693
5523;parafamacia giuliani dott.ssa tiziana;localitÃ  gabella;2917170652;84066;65096;Pisciotta;65;SA;Salerno;150;01/02/2009;-;40,111868;15,2370339
5525;parafarmacia giuliani dott.ssa tiziana;via indipendenza;2917170652;84059;65039;Centola;65;SA;Salerno;150;01/02/2009;-;40,03386175;15,28958442
5529;FARMA GROUP SAS;VIA E. SCAGLIONE 15/G;6144991210;80100;63049;Napoli;63;NA;Napoli;150;01/02/2009;-;40,8506962;14,2463172
5535;Parafarmacia Ricciuti dott.ssa Elisa;via Carmine Amato,103/1;4646060659;84085;65067;Mercato san severino;65;SA;Salerno;150;01/02/2009;-;40,77522684;14,7298664
5555;FGARMA-POINT-SAN LEONARDO S.R.L.;VIA SAN LEONARDO ,168;4630510651;84100;65116;Salerno;65;SA;Salerno;150;01/02/2009;-;40,64894511;14,84571341
5577;AUCHAN;VIA ARGINE;3349310965;80100;63049;Napoli;63;NA;Napoli;150;01/02/2009;-;40,86659149;14,34736494
5582;Erboristeria Stramonio;Via Magellano, 84;5498941219;80014;63034;Giugliano in campania;63;NA;Napoli;150;01/03/2009;-;40,93025982;14,10297438
5591;AUCHAN;VIA MICHELANGELO;3349310965;80040;63089;Volla;63;NA;Napoli;150;01/03/2009;-;40,8754897;14,3515771
5593;AUCHAN;S.S.145 LOC. Pontenuovo, 3;3349310965;80014;63058;Pompei;63;NA;Napoli;150;01/03/2009;-;40,74873231;14,49731204
5594;AUCHAN;VIA P.NENNI 54;3349310965;80018;63048;Mugnano di napoli;63;NA;Napoli;150;01/03/2009;-;40,91033013;14,21099153
5631;Parafarmacia Dott. D'Amico;Via Luigi Curto snc;4667940656;84035;65097;Polla;65;SA;Salerno;150;01/03/2009;-;40,50955798;15,48841876
5647;parafarmacia sant'elena;via provinciale carinaro teverola palazzo domus;3441810615;81030;61092;Teverola;61;CE;Caserta;150;01/03/2009;-;41,01089241;14,21803152
5648;Iris Farma del Dr. Tanga Rocco & C.;VIA MASTROPROSPERO 16;2603220647;83059;64008;Avellino;64;AV;Avellino;150;01/02/2013;-;40,91385611;14,78817591
5650;parafarmacia;via capo,2;6249501211;80067;63080;Sorrento;63;NA;Napoli;150;01/03/2009;-;40,62521892;14,35154917
5730;parafarmacia le ginestre s.r.l.;loc.oliveto strada statale 18;4704350653;84079;65156;Vibonati;65;SA;Salerno;150;01/05/2009;-;40,09860368;15,58842947
5739;MEDI-FARM Parafarmacia;Viale Marconi, 10/14;4430960650;84013;65037;Cava de' tirreni;65;SA;Salerno;150;01/05/2009;-;40,7019469;14,705302
5744;PARAFARMACIA PESCE DELLA DOTT.SSA ANGELA PESCE;Viale CORRADO GRANDE, 20;8782971215;84048;65031;Castellabate;65;SA;Salerno;150;01/03/2018;-;40,29290107;14,95300341
5791;Farmaseiano S.a.s. di Matachione Emanuele Roberto;Corso Caulino, 18;6149081215;80069;63086;Vico equense;63;NA;Napoli;150;01/06/2009;-;40,6525054;14,45499644
5812;Parafarmacia di Adriano Dr. Cuozzo;Piazza della Mercanzia;4678660657;84043;65002;Agropoli;65;SA;Salerno;150;01/06/2009;-;40,3509291;14,9862021
5820;Farma Point Lancusi SRL;via del centenario, 118-120;4697930651;84084;65052;Fisciano;65;SA;Salerno;150;01/12/2009;-;40,7646801;14,7820027
5843;Parafarmacia Posidonia;Via Posidonia, 53;3117920656;84100;65116;Salerno;65;SA;Salerno;150;01/06/2009;-;40,66697715;14,79052593
5878;Drugs & More;Via Appia Km 181 Maiorisi di Teano C/C Sidicinum;1599610704;81057;61091;Teano;61;CE;Caserta;150;01/07/2009;-;41,24598338;14,06020631
5907;parafarmacia del borgo;via marco nonio balbo 14-16;4621610650;84014;65078;Nocera inferiore;65;SA;Salerno;150;01/08/2009;-;40,74290113;14,64557092
5925;PARAFARMACIA CAPUTO LEONILDA;Viale Croce, 84 ex 30;276890654;84015;65079;Nocera superiore;65;SA;Salerno;150;01/03/2016;-;40,7504385;14,6815063
5931;Ditta individuale;Via Nicodemo Giudice, 18;1083030765;84073;65134;Sapri;65;SA;Salerno;150;01/09/2009;-;40,075083;15,630602
5938;Giugliano Nunziata;Via Comunale Margherita 457;6387301218;80145;63049;Napoli;63;NA;Napoli;150;01/09/2009;-;40,8506962;14,2463172
5969;Drugs & More srl;Via Appia Km 181 Maiorisi di Teano C/C Sidicinum;10377571004;81057;61091;Teano;61;CE;Caserta;150;01/12/2010;-;41,2492784;14,0682377
5973;Parafarmacia Lotus di De Vito Antonella;Via XXIII Luglio,111;2615290646;83044;64011;Bisaccia;64;AV;Avellino;150;01/10/2009;-;41,00682525;15,35765973
5987;CIB FARMA SRL;S.S. 158 DIR. SUD, 31;3547020614;81016;61057;Piedimonte matese;61;CE;Caserta;150;01/10/2009;-;41,37497879;14,37947562
5990;Parafarmacia Dott. Cardone;Via Giulio Palermo 108-110;6412621218;80100;63049;Napoli;63;NA;Napoli;150;01/10/2009;-;40,8506962;14,2463172
5996;PARAFARMACIA DOTT.FARINARO;VIA NUNZIALE S.ANTONIO 119;3552850616;81038;61094;Trentola-ducenta;61;CE;Caserta;150;01/10/2009;-;40,97673064;14,16603666
6058;PARAF. SANT'ANTONIO Snc dei dr.ri G. Sapere e O. Cardasco;Via NOCELLETO N. 24;5503210659;83026;64062;Montoro superiore;64;AV;Avellino;150;01/07/2016;-;40,8213042;14,8044014
6066;MEDI-FARM PARAFARMACIA;Via della Repubblica, 26;4430960650;84013;65037;Cava de' tirreni;65;SA;Salerno;150;01/11/2009;-;40,69929445;14,70891455
6071;parafarmacia dott. smaldone;corso italia n.127;4738550658;84012;65007;Angri;65;SA;Salerno;150;01/12/2009;-;40,7385539;14,5785119
6074;Parafarmacia Wild Rose;Via Sandro Pertini 182;4765710654;84047;65025;Capaccio;65;SA;Salerno;150;01/12/2009;-;40,45300439;15,02659653
6135;igea;---- corso matarazzo, 23;5519620651;84048;65031;Castellabate;65;SA;Salerno;150;01/01/2017;-;40,2900462;14,9501055
6154;parafarmacia dott. imparato;traversa mario fiore n. 3;3381730617;81055;61083;Santa maria capua vetere;61;CE;Caserta;150;01/02/2010;-;41,07162342;14,24790823
6182;PARAFARMACIA SAN LUCA srl;VIA FRANCESCO CAMMAROTA 91/93;4787240656;84078;65154;Vallo della lucania;65;SA;Salerno;150;01/02/2010;-;40,22591647;15,2615923
6206;parafarmacia;C.so Garibaldi;6408051214;80074;63019;Casamicciola terme;63;NA;Napoli;150;01/03/2010;-;40,74113912;13,90962355
6209;Parafarmacia Biondi;vico Acitillo,83;6546981215;80127;63049;Napoli;63;NA;Napoli;150;01/03/2010;-;40,84269879;14,2234941
6240;PARAFARMACIA DOTT MARCHESE TERESA;VIA PIAGGIO 35A;4774930657;84030;65133;Sanza;65;SA;Salerno;150;01/03/2010;-;40,2437277;15,5524164
6279;WWW.FARMACORNER.IT S.R.L.;CORSO GARIBALDI, 65;4752380651;84016;65116;Salerno;65;SA;Salerno;150;01/12/2010;-;40,07449671;15,62931406
6306;Parafarmacia dott. Colucci Giuseppe;Via Roma 55;2638540647;83022;64010;Baiano;64;AV;Avellino;150;01/04/2010;-;40,93586303;14,63127108
6309;Parafarmacia Dr.ssa Donatella Sacco;Viale Europa 36;3371340617;81057;61091;Teano;61;CE;Caserta;150;01/04/2010;-;41,24598338;14,06020631
6319;Novafarmas srl;Via Mercanti 118;4736770654;84121;65116;Salerno;65;SA;Salerno;150;01/04/2010;-;40,679238;14,7589105
6328;SARA DI BARRELLA PATRIZIA;VIA G.JANNELLI, N.532;6502551218;80100;63049;Napoli;63;NA;Napoli;150;01/04/2010;-;40,8506962;14,2463172
6344;PARAFARMACIA TECNOMEDICAL;C.DA MARROTA - C/O MAXIFUTURA;930820766;84043;65002;Agropoli;65;SA;Salerno;150;01/05/2010;-;40,3486827;14,9912195
6388;PARAFARMACIA RUGGIERO FRANCESCO;VIA ROBERTO BELLO 17;2645240645;83012;64025;Cervinara;64;AV;Avellino;150;01/05/2010;-;41,01600096;14,62496403
6409;Parafarmacia Dr.ssa Donatella Sacco;Viale Italia 36;3371340617;81057;61091;Teano;61;CE;Caserta;150;01/05/2010;-;41,24598338;14,06020631
6421;Parafarmacia Aloe;loc.Mararoso S.S.517 variante 5 km13.600;4821750652;84030;65029;Caselle in pittari;65;SA;Salerno;150;01/06/2010;-;40,18608572;15,53703073
6428;MENELAO SRL;CORSO ITALIA 126;4885021214;80011;63001;Acerra;63;NA;Napoli;150;01/06/2010;-;40,93294966;14,36348075
6481;parafarmacia Il carro;via San Michele snc;2646090643;83036;64050;Mirabella eclano;64;AV;Avellino;150;01/06/2010;-;41,05067593;14,9883766
6638;FARMANATURA SRL UNIPERSONALE;CORSO EUROPA 15;6674031213;80016;63041;Marano di napoli;63;NA;Napoli;150;01/10/2010;-;40,91158425;14,23565695
6670;parafarmacia dott.ssa Genca Maria;corso San Pio da Pietrelcina;1483660625;82021;62003;Apice;62;BN;Benevento;150;01/08/2010;-;41,12954861;14,95834236
6721;Parafarmacia Dr.ssa Nigro A.;Via Tagliamento, 138;2623840648;83100;64008;Avellino;64;AV;Avellino;150;01/08/2010;-;40,91942672;14,78350228
6793;Parafarmacia Attanasio Dr.Francesco;Via G.B. Castaldo,12;4826950653;84014;65078;Nocera inferiore;65;SA;Salerno;150;01/10/2010;-;40,7465689;14,6444793
6874;PARAFARMACIA PETRONE CASTELLUCCI SRL;Via Ignazio Silone, 48;7713311210;80126;63049;Napoli;63;NA;Napoli;150;01/05/2014;-;40,91194126;14,25701252
6928;PARAFARMACIA C PHARMA;VIA ROMA, 81-83;6733261215;80054;63035;Gragnano;63;NA;Napoli;150;01/11/2010;-;40,69150096;14,51580807
6941;FAGA VITO;VIA RICCIARDELLI, 50;3652050612;81100;61022;Caserta;61;CE;Caserta;150;01/12/2010;-;41,083215;14,3349289
6954;parafarmacia BIENNE;via Fonte, 129;4525830651;84069;65106;Roccadaspide;65;SA;Salerno;150;01/12/2010;-;40,44442919;15,15278832
6999;PARAFARMACIA SANTACROCE SAS DI BUONO S.;STAZIONE MARITTIMA DI NAPOLI MOLO ANGIOINO;6732211211;80133;63049;Napoli;63;NA;Napoli;150;01/12/2010;-;40,8506962;14,2463172
7039;SCALA E SACCONE SRL;PIAZZA ALDO MORO 1;4399390659;84091;65014;Battipaglia;65;SA;Salerno;150;01/01/2011;-;40,6075266;14,98243995
7057;PARAFARMACIA DEL CORSO;CORSO ITALIA;4875270656;84090;65099;Pontecagnano faiano;65;SA;Salerno;150;01/01/2011;-;40,6410804;14,8828306
7064;FARMAMED DEI DOTTORI MALFI SAS DELLA DR.SSA MALFI STEFANIA;Via Roma 440;8287121217;80038;63057;Pomigliano d'arco;63;NA;Napoli;150;01/02/2016;-;40,90938502;14,38819519
7108;Parafarmacia Erboristeria Monteleone S.r.l.;Via Provinciale Amendola, 92/94/96;4866910658;84087;65135;Sarno;65;SA;Salerno;150;01/02/2011;-;40,80176506;14,61820113
7116;Parafarmacia Partenopea;via Giacinto Gigante, 20;6837371217;80136;63049;Napoli;63;NA;Napoli;150;01/02/2011;-;40,70885747;14,50914338
7119;DEVITALFARM SRL;VIA DEI PRINCIPATI,79;4897190650;84100;65116;Salerno;65;SA;Salerno;150;01/02/2011;-;40,68022477;14,76690345
7125;TERMINAL PHARM;Stazione Marittima di Napoli (Terminal);3135970618;80100;63049;Napoli;63;NA;Napoli;150;01/02/2011;-;40,8517746;14,2681244
7170;FARMACI E BENESSERE;VIA MARIO DE SENA 35;6827121218;80035;63050;Nola;63;NA;Napoli;150;01/02/2011;-;40,93091646;14,52679057
7195;NOVA SALUS DI MARIO CIVALE;VIA P.TOGLIATTI,11;4884230659;84083;65034;Castel san giorgio;65;SA;Salerno;150;01/03/2011;-;40,773847;14,671295
7197;Parafarmacia Dr Di Novella;Via San Sebastiano 22;4443140654;84036;65114;Sala consilina;65;SA;Salerno;150;01/03/2011;-;40,4019157;15,5908015
7257;Parafarmacia del corso della Dott.ssa Di Martino;Via C.so Elea 29/31;4892760655;84046;65009;Ascea;65;SA;Salerno;150;01/04/2011;-;40,1575766;15,19576484
7272;Parafarmacia Moderna s.a.s. dott.ssa Mariangela Passariello & C;Corso Corso Europa, 212,214;7795431217;80016;63041;Marano di napoli;63;NA;Napoli;150;01/07/2014;-;40,89276544;14,17025853
7299;OXY HOUSE SRL;VIA DOMITIANA KM 53.200 INT. 105/b;5795171213;80078;63060;Pozzuoli;63;NA;Napoli;150;01/04/2011;-;40,85053683;14,10384166
7301;SOLARIA;PIAZZA RISORGIMENTO 1;1306240621;82018;62058;San giorgio del sannio;62;BN;Benevento;150;01/04/2011;-;41,10438188;14,87685677
7303;PARAFARMACIA M. & F. della Dott.ssa Morese Carmela;via Marcello 2/37;4912110659;84085;65067;Mercato san severino;65;SA;Salerno;150;01/04/2011;-;40,78254;14,743515
7314;PARAFARMACIA CENTRALE MATTAROCCI ANTONIO;VIA CILEA 45/B;4868570658;80100;63049;Napoli;63;NA;Napoli;150;01/04/2011;-;40,8506962;14,2463172
7391;farmacia internazionale;via ostaglio 26;4843430655;84100;65116;Salerno;65;SA;Salerno;150;01/05/2011;-;40,6824408;14,7680961
7406;O.T.C. Farmaceutica srl;loc. boscofangone nola;10377571004;80035;63050;Nola;63;NA;Napoli;150;01/06/2011;-;40,9220129;14,532936
7410;PARAFARMACIA DOTT.SSA CRISPO FRANCESCA VALERIA;VIA LEPANTO 36;4902140658;80045;63058;Pompei;63;NA;Napoli;150;01/06/2011;-;40,74980503;14,50914503
7453;COMUNFARM S.R.L.;Via MARCONI N11;4204710612;81030;61090;Succivo;61;CE;Caserta;150;01/05/2017;-;40,9884649;14,25988265
7475;Parafarmacia Dott. IGLIO;Corso Caudino 172;41550625;82011;62001;Airola;62;BN;Benevento;150;01/07/2011;-;41,05746784;14,55694665
7492;Bimbi e Benessere Parafarmacia;Via F. Spirito 32;4910610650;84090;65121;San mango piemonte;65;SA;Salerno;150;01/07/2011;-;40,70136292;14,83936934
7496;INFINITO SRL;VIA DE GASPERI,340;4900500655;84016;65088;Pagani;65;SA;Salerno;150;01/07/2011;-;40,7479678;14,6112432
7543;farvill s.r.l.;via marina piccola 19;6678301216;80067;63080;Sorrento;63;NA;Napoli;150;01/08/2011;-;40,624906;14,374836
7556;Parafarmacia D'Ambrosio;via Roma n.66;6947231210;80027;63032;Frattamaggiore;63;NA;Napoli;150;01/08/2011;-;40,939312;14,27403
7563;Parafarmacia Dott.ssa Rossella Romano;viale Principe Amedeo, 10;2689550644;83029;64101;Solofra;64;AV;Avellino;150;01/08/2011;-;40,8299469;14,8453126
7570;PARAFARMACIA CARAVAGGIO SAS DI FLORA MURATORE & C.;VIA CARAVAGGIO,294/296;6809761213;80126;63049;Napoli;63;NA;Napoli;150;01/09/2011;-;40,834689;14,20705528
7572;Parafarmacia del Corso della Dott.ssa S.Guarino;Corso Europa , 32;2694290640;83100;64008;Avellino;64;AV;Avellino;150;01/09/2011;-;40,91172242;14,78090343
7581;DERKESHLI NADIA;PIAZZA GARIBALDI SNC;4852370651;84087;65135;Sarno;65;SA;Salerno;150;01/09/2011;-;40,81813689;14,62324754
7619;officine lo passo;via toledo 365;6194541212;80134;63049;Napoli;63;NA;Napoli;150;01/09/2011;-;40,84343138;14,24899032
7643;Parafarmacia Dott.ssa Affinito;viale Principe di Napoli 106;1522920626;82100;62008;Benevento;62;BN;Benevento;150;01/10/2011;-;41,13385674;14,77347572
7662;de cimma rocco gianluca;via bernardo cavallino 165-165-157;5576141211;80128;63049;Napoli;63;NA;Napoli;150;01/10/2011;-;40,8506962;14,2463172
7682;Erboristeria MessÃ©guÃ©;Piazza San Pasquale, 11/12;211770631;80123;63049;Napoli;63;NA;Napoli;150;01/10/2011;-;40,81021365;14,3366461
7715;DAMARE s.r.l.;Via Torrione S.MArtino 2/B;7011591216;80129;63049;Napoli;63;NA;Napoli;150;01/11/2011;-;40,8506962;14,2463172
7745;Parafarmacia Sgammato;via Paolo Riverso, 178/184;3738090616;81031;61005;Aversa;61;CE;Caserta;150;01/11/2011;-;40,96320696;14,20129569
7757;Puntofarma di Di Buono Paola;Via G. Amendola,13;4974780654;84080;65090;Pellezzano;65;SA;Salerno;150;01/11/2011;-;40,6646984;14,797634
7758;Parafarmacia Maurano Simeona&Bolettieri Luigi SNC;Via Salvo D'Acquisto 17/B;4960560656;84043;65002;Agropoli;65;SA;Salerno;150;01/11/2011;-;40,3457392;14,9972873
7763;Sanitaria Parafarmacia F.lli Mercaldo;Via Napoli, 123;1513880623;82100;62008;Benevento;62;BN;Benevento;150;01/11/2011;-;41,1189495;14,76466634
7767;PARAFARMACIA SANNITA S.R.L.;VIALE MELLUSI N 148;1524760624;82100;62008;Benevento;62;BN;Benevento;150;01/11/2011;-;41,1295587;14,7824639
7797;Parafarmacia;P.zza G. Mazzini nÂ° 12;3144660614;81034;61052;Mondragone;61;CE;Caserta;150;01/11/2011;-;41,11061077;13,91615321
7805;Parafarmacia del Corso della Dott.ssa S. Guarino;Corso Europa ,99;2694290640;83100;64008;Avellino;64;AV;Avellino;150;01/12/2011;-;40,91172242;14,78090343
7814;Parafarmacia Dott.sa Daniela Ventre;Settimio Mobilio 144/146;4978280651;84134;65116;Salerno;65;SA;Salerno;150;01/12/2011;-;40,6764825;14,7768691
7815;PARAFARMACIA dott.ssa Carmela Sodano;Via Velia 62/a;4977910654;84040;65028;Casal velino;65;SA;Salerno;150;01/12/2011;-;40,177415;15,124428
7859;PARAFARMACIA MAMI DELLA DOTT.SSA M.SORVILLO;VIA SARNO, 35;7043461214;80040;63081;Striano;63;NA;Napoli;150;01/12/2011;-;40,81194502;14,58382709
7886;Parafarmacia Dott.ssa Tiziana Addazio;Via Vivaldi 16;1529290627;82100;62008;Benevento;62;BN;Benevento;150;01/12/2011;-;41,1295587;14,7824639
7892;parafarmacia garbo;via tesauro;4584510657;84100;65116;Salerno;65;SA;Salerno;150;01/12/2011;-;40,6678449;14,7915999
7901;parafarmacia dott.ssa farinato maria;via ramiro marcone,7/9;6972791211;83013;64049;Mercogliano;64;AV;Avellino;150;01/12/2011;-;40,92336733;14,72552025
7936;Parafarmacia Dott.ssa Piegari Tiziana;Via S.Rocco;4981390653;84036;65114;Sala consilina;65;SA;Salerno;150;01/01/2012;-;40,3915766;15,5975532
7937;ParafarmaciaDott.ssa Piegari Tiziana;Via S.Rocco;4981390653;84036;65114;Sala consilina;65;SA;Salerno;150;01/01/2012;-;40,3915766;15,5975532
7938;medici benedetta maria imacolata;via mastrilli nÂ°46;5348711218;80035;63050;Nola;63;NA;Napoli;150;01/01/2012;-;40,9220129;14,532936
7951;S. ANNA DI ELISABETTA PELLEGRINO;Via Roma, 360;4654500653;84092;65158;Bellizzi;65;SA;Salerno;150;01/01/2012;-;40,61083721;14,98041298
7971;parafarmacia ss rosario;via piano del principe 232;7033601217;80040;63055;Poggiomarino;63;NA;Napoli;150;01/01/2012;-;40,80286631;14,5255962
7972;PARAFARMACIA GIULIA DI GRICO VINCENZA E G. S.N.C.;VIA DEL CORSO, 34;2710310646;83048;64057;Montella;64;AV;Avellino;150;01/01/2012;-;40,84112547;15,02231764
7983;CELIACHIA STORE - PARAFARMACIA;VIALE MELLUSI N. 33/35;1527830622;82100;62008;Benevento;62;BN;Benevento;150;01/01/2012;-;41,1283926;14,7869667
8020;RUOTOLO MICHELINA;VIA BREZZA, 4;2588560611;81040;61036;Francolise;61;CE;Caserta;150;01/02/2012;-;41,15773564;14,05870692
8057;la bottega del rimedio;via robertelli;4978510651;84128;65116;Salerno;65;SA;Salerno;150;01/02/2012;-;40,6703416;14,786045
8062;Parafarmacia del Centenario Grimaldi;Via del Centenario 131-133;4988890655;84084;65052;Fisciano;65;SA;Salerno;150;01/02/2012;-;40,764583;14,779972
8081;Panacea sas;Via XX Settembre, 7;4548460650;84127;65116;Salerno;65;SA;Salerno;150;01/02/2012;-;40,34145347;15,65859992
8099;PARAFARMACIA CICCARELLI MARIO;VIA MARSALA SNC;3415350614;81033;61019;Casal di principe;61;CE;Caserta;150;01/02/2012;-;41,02508456;14,11437513
8114;SANIFAS SRL;Via PIAVE N.15;4869030652;84083;65034;Castel san giorgio;65;SA;Salerno;150;01/01/2017;-;40,779668;14,695233
8120;PARAFARMACIA DOTT.SSA PAGLIALONGA VALERIA;VIA PERAZZO 153;2715540643;83031;64005;Ariano irpino;64;AV;Avellino;150;01/03/2012;-;41,16866648;15,11105952
8136;Parafarmacia IVL;Via San Leonardo 98;3258460652;84131;65116;Salerno;65;SA;Salerno;150;01/03/2012;-;40,64894511;14,84571341
8219;F.lli De Luca S.A.S. di De Luca Massimo & C.;Via S. Agata Nord, 4;4755900653;84051;65039;Centola;65;SA;Salerno;150;01/03/2012;-;40,07849552;15,3136915
8223;parafarmacia vetersannio;viale libertÃ  10 vico s. giovanni;1521100626;82020;62045;Paduli;62;BN;Benevento;150;01/03/2012;-;41,17630213;14,89782434
8238;DI LULLO BABY;VIA PAVIA 130 b - 131;6221431213;80100;63049;Napoli;63;NA;Napoli;150;01/03/2012;-;40,8506962;14,2463172
8255;manlio tafuri;via roma 34;3771050618;81051;61058;Pietramelara;61;CE;Caserta;150;01/03/2012;-;41,26800103;14,18526516
8281;IL MONDO DEI BIMBI S.A.S DI PALMA GIUSEPPINA;Via NAZIONALE DELLE PUGLIE 269 BIS;7055291210;80030;63075;San vitaliano;63;NA;Napoli;150;01/01/2013;-;40,93110341;14,49099426
8294;FOR.I' S.R.L.;S.S. N.7 APPIA, CONTRADA SAN VITO;12857021005;82100;62008;Benevento;62;BN;Benevento;150;01/07/2014;-;41,1115508;14,8802707
8295;PARAFARMACEUTICI EMMEEFFE SAS;VIA PADRE VITTORIO DI MARINO,25/D;3264591219;80010;63034;Giugliano in campania;63;NA;Napoli;150;01/03/2012;-;40,92097591;14,18796523
8309;dresp srl;viale italia;2710590643;83100;64008;Avellino;64;AV;Avellino;150;01/04/2012;-;40,91165897;14,77185234
8317;PARAFARMACIA DELLA SALUTE S.R.L.;Via Pietro Ascolese, 369;2717800649;83025;64061;Montoro inferiore;64;AV;Avellino;150;01/04/2012;-;40,82669135;14,76454726
8318;PARAFARMACIA DELLA SALUTE S.R.L.;Via Giovanni Amendola, 28;2717800649;84025;65050;Eboli;65;SA;Salerno;150;01/04/2012;-;40,615492;15,053807
8336;Parafarmacia dott. Antonio Pepe;via Vittorio Veneto, 115/117/119;7097811215;80054;63035;Gragnano;63;NA;Napoli;150;01/04/2012;-;40,69859708;14,52252635
8353;Parafarmacia Dott.Barbarisi Biagio;via Dei Funari;2716850645;83020;64103;Sperone;64;AV;Avellino;150;01/04/2012;-;40,954119;14,606721
8359;FARMACIA.IT SRL;S.S. SANNITICA 87 KM 20,700;7655920630;81020;61104;San marco evangelista;61;CE;Caserta;150;01/04/2012;-;41,0373786;14,340989
8360;Parafarmacia Dott. Carmine Nazzaro;VIA SANTO STEFANO,10;7160591215;80128;63049;Napoli;63;NA;Napoli;150;01/04/2012;-;40,8506962;14,2463172
8374;FAIV PARAFARMACIA SOLIMENA SNC;VIA SOLIMENA,171;7078461212;80129;63049;Napoli;63;NA;Napoli;150;01/05/2012;-;40,8506962;14,2463172
8393;Parafarmacia FD-Pharma srl;Via Alfredo De Luca n.1;5841221210;80077;63037;Ischia;63;NA;Napoli;150;01/05/2012;-;40,7381249;13,948567
8399;Pharma F.lli Pagliaro s.a.s.;Corso Umberto I, 55;3795800618;81030;61017;Carinola;61;CE;Caserta;150;01/05/2012;-;41,187161;13,979782
8418;parafarmacia salus;via agostino stellato;3379310612;81054;61081;San prisco;61;CE;Caserta;150;01/05/2012;-;41,08154815;14,27617475
8442;Cloe S.n.c. della Dott.ssa Annapaola Tozzoli;Via Orazio 147/L;7010451214;80122;63049;Napoli;63;NA;Napoli;150;01/05/2012;-;40,8506962;14,2463172
8454;Parafarmacia La Panacea di Guglielmo Antonella;Via Silvio Baratta 40;2714570641;84135;65116;Salerno;65;SA;Salerno;150;01/05/2012;-;40,68021306;14,77512464
8461;Parafarmacia Dott.ssa Giovanna De Angelis;Via Europa angolo via Annunziata;5033250654;84037;65129;Sant'arsenio;65;SA;Salerno;150;01/05/2012;-;40,4678922;15,483659
8476;Parafarmacia del Dr. Armando Di Filippo;via Pizzone n. 9 Centro Commerciale il Castello;5007730657;84085;65067;Mercato san severino;65;SA;Salerno;150;01/05/2012;-;40,7815673;14,7527759
8492;FAR.BENE.Srl;Via G. Piermarini, 51;1528410622;82100;62008;Benevento;62;BN;Benevento;150;01/05/2012;-;41,1295587;14,7824639
8499;PARAFARMACIA SANTA MARIA SRL;CORSO DANTE, 3;1542290620;82100;62008;Benevento;62;BN;Benevento;150;01/06/2012;-;41,13275993;14,77219501
8502;parafarmacia degli angeli s.a.s.;via saverio marotta 1;2726690643;83100;64008;Avellino;64;AV;Avellino;150;01/06/2012;-;40,91385611;14,78817591
8511;parafarmacia ruesch del dottore valerio avvisati;viale maria cristina di savoia;7192441215;80122;63049;Napoli;63;NA;Napoli;150;01/06/2012;-;40,8506962;14,2463172
8532;PARAFARMACIA CIOFFI DOTT.SSA BIANCA;VIA SALVATORE GARGIULO 40;3471210652;84086;65108;Roccapiemonte;65;SA;Salerno;150;01/06/2012;-;40,7634299;14,6955867
8539;DI PRISCO PASQUALINA;PIAZZA CRISTO RE, 10;2727080646;83040;64033;Fontanarosa;64;AV;Avellino;150;01/06/2012;-;41,01328588;15,0233996
8545;parafarmacia fortunato alfonso leonzio;via nazionale n 42;4768480651;84070;65127;Santa marina;65;SA;Salerno;150;01/06/2012;-;40,07411;15,521335
8555;PARAFARMACIA S.ANTONIO;VIA NUOVA SAN MARZANO;7223611216;80040;63055;Poggiomarino;63;NA;Napoli;150;01/06/2012;-;40,79564038;14,54766252
8594;La Parafarmacia srl;via Nazionale 366;5042550656;84018;65137;Scafati;65;SA;Salerno;150;01/07/2012;-;40,76223746;14,53689816
8608;MELILLO SVETLANA;via nazionale,94;2730290646;83013;64049;Mercogliano;64;AV;Avellino;150;01/07/2012;-;40,90702472;14,7481387
8632;Farm. dott. Antonio Sorrentino;Piazza Rotonda 25/26;3281280614;81020;61078;San nicola la strada;61;CE;Caserta;150;01/07/2012;-;41,051814;14,331329
8633;Parafarmacia del Corso;corso Garibaldi, 15;2733880641;83013;64049;Mercogliano;64;AV;Avellino;150;01/07/2012;-;40,9204926;14,7386588
8653;dell'acquila;Via vittoria 63;5062380653;84088;65142;Siano;65;SA;Salerno;150;01/01/2017;-;40,80037882;14,6946647
8664;parafarmacia Dott.ssa occhini ilaria;via giulio palermo 108/110;7255611217;80131;63049;Napoli;63;NA;Napoli;150;01/08/2012;-;40,8506962;14,2463172
8673;PAOLILLO CRISTINA;VIA ENRICO MESSINA 8-10;5059070655;84129;65116;Salerno;65;SA;Salerno;150;01/08/2012;-;40,6824408;14,7680961
8701;farmaover srl;via starza 16;1545690628;82019;62070;Sant'agata de' goti;62;BN;Benevento;150;01/09/2012;-;41,10063436;14,49530447
8710;PARAFARMACIA DI MEGLIO;Wenner,45;4643870654;84131;65116;Salerno;65;SA;Salerno;150;01/09/2013;-;40,63846485;14,83998684
8711;COBINO ROSARIA;CORSO VITTORIO VENETO 275;2723520645;83035;64038;Grottaminarda;64;AV;Avellino;150;01/09/2012;-;41,08941222;14,966016
8712;parafarmacia puca snc;via aldo moro 50;3818180618;81016;61057;Piedimonte matese;61;CE;Caserta;150;01/09/2012;-;41,37497879;14,37947562
8766;PARAFARMACIA LUIGI DE ANGELIS;VIA TUORO CAPPUCCINI;2730860646;83100;64008;Avellino;64;AV;Avellino;150;01/09/2012;-;40,91875749;14,79187477
8774;FARMAVIT DI LAVECCHIA ILARIA;VIA ROMA N. 22;4146580651;84049;65035;Castel san lorenzo;65;SA;Salerno;150;01/10/2012;-;40,41930343;15,21554032
8799;SANITARIA CURCIO BABY S.R.L.;VIA NUOVA SAVIANO 163;6569761213;80040;63066;San gennaro vesuviano;63;NA;Napoli;150;01/10/2012;-;40,8589128;14,5250348
8806;Ortodynamic Parafarmacia Ortopedia;via filettine 6/8;5078030656;84016;65088;Pagani;65;SA;Salerno;150;01/10/2012;-;40,76171966;14,60410218
8831;Parafarmacia Fioretto;Piazza degli Artisti 11;7257191218;80129;63049;Napoli;63;NA;Napoli;150;01/10/2012;-;40,84788809;14,2285471
8882;PARAFARMACIA S.ADELE s.r.l.;Via marche 25/27;7885141213;80035;63050;Nola;63;NA;Napoli;150;01/12/2014;-;40,8647694;14,506875
8886;Parafarmacia Liberta;Via Enrico Cocchia 60;1554360626;82100;62008;Benevento;62;BN;Benevento;150;01/11/2012;-;41,1205752;14,7705911
8887;Parafarmacia Farm. Santa Croce S.r.l.;Corso Europa, 20;4984630659;84044;65003;Albanella;65;SA;Salerno;150;01/09/2014;-;40,4988811;15,0674317
8967;Parafarmacia Ognissanti;P.zza S.S. Annunziata, 34;1551660622;82020;62052;Pietrelcina;62;BN;Benevento;150;01/12/2012;-;41,2026567;14,8337879
9001;Parafarmacia Paradiso;via Nazionale, 93;5077400652;84070;65119;San giovanni a piro;65;SA;Salerno;150;01/01/2013;-;40,050044;15,451543
9004;PARAFARMACIA POSITANO DEL DOTT. MONTEFUSCO CARLO;Via Pasitea n 210;3847860610;84017;65100;Positano;65;SA;Salerno;150;01/01/2013;-;40,6275046;14,4843095
9009;PARAFARMACIA DOTT. BENEDUCE;VIA ANTONIO D'AURIA, 169;7103291212;80048;63072;Sant'anastasia;63;NA;Napoli;150;01/01/2013;-;40,86924918;14,40047677
9063;WWW.FARMACORNER.IT SRL;VIA ITALIA,20;4752380651;84091;65014;Battipaglia;65;SA;Salerno;150;01/01/2013;-;40,60793254;14,98264521
9090;PARAFARMACIA EAGLE SAS DEL DOTT CAPPUCCIO NICOLA & C;Via Galileo Galilei n.41/43/45;8529061213;80022;63005;Arzano;63;NA;Napoli;150;01/05/2017;-;40,9085222;14,2610692
9107;Parafarmacia Dott. Del Viscovo C.;C.so V. Veneto 380;2756750648;83035;64038;Grottaminarda;64;AV;Avellino;150;01/02/2013;-;41,0719452;15,0620034
9114;PARAFARMACIA - CELIACHIA;VIALE MELLUSI N. 33/35;1561380625;82100;62008;Benevento;62;BN;Benevento;150;01/02/2013;-;41,1283926;14,7869667
9116;parafarmacia dott. annalisa iorio;via antonio coppola 162;7404291218;80051;63003;Agerola;63;NA;Napoli;150;01/02/2013;-;40,6349717;14,5471647
9124;PARAFARMACIA SANTA ILDEGARDA DOTT.SSA PALMA SIMONA;VIA MANFREDI 74;2752390647;83042;64006;Atripalda;64;AV;Avellino;150;01/02/2013;-;40,9229055;14,8323052
9170;PARAFARMACIA EPOMEO SAS;VIA DELL'EPOMEO 12/B;7400681214;80126;63049;Napoli;63;NA;Napoli;150;01/03/2013;-;40,8457223;14,1992663
9225;PARAFARMACIA RIZZO ROBERTO;VIA DELLA TARTANA;4557930650;84017;65100;Positano;65;SA;Salerno;150;01/03/2013;-;40,6280528;14,4849812
9263;PARAFARMACIA DON BOSCO;via S.Giovanni Bosco 16/A;7318551210;80026;63023;Casoria;63;NA;Napoli;150;01/04/2013;-;40,9020269;14,287857
9302;BFLM-PHARMA S.a.s.;Via Duomo 267;7445851210;80138;63049;Napoli;63;NA;Napoli;150;01/04/2013;-;40,8557956;14,2570793
9321;Parafarmacia Martellotta della dott.ssa Maria Stel;Via Giordano Bruno 148/c;7357291215;80122;63049;Napoli;63;NA;Napoli;150;01/05/2013;-;40,902161;14,2843454
9325;MATILDE VETERFARM;VIA A. DE GASPERI SNC;3871140616;81055;61083;Santa maria capua vetere;61;CE;Caserta;150;01/05/2013;-;41,0820867;14,2541872
9328;ParaFarmacia Dott.ssa Pantalena;Via Benevento 116;6569371211;80013;63017;Casalnuovo di napoli;63;NA;Napoli;150;01/05/2013;-;40,9238464;14,3554475
9347;Notarpharma srls;via Nazionale delle Puglie, 173;7327651217;80030;63075;San vitaliano;63;NA;Napoli;150;01/05/2013;-;40,9324787;14,4918491
9348;Notarpharma srls;via Nazionale delle Puglie, 173;7327651217;80030;63075;San vitaliano;63;NA;Napoli;150;01/05/2013;-;40,9324787;14,4918491
9353;parafarmacia la genziana;via castellammare, 29;5571571214;80054;63035;Gragnano;63;NA;Napoli;150;01/05/2013;-;40,6939465;14,5038977
9358;Parafarmacia Belfiore di F. Bellotta & A. Fioretti;via Croce San Sossio, 55;7390731219;80027;63032;Frattamaggiore;63;NA;Napoli;150;01/05/2013;-;40,9364405;14,2735819
9395;b2c Farma;Via Cappella Vecchia, 49;5158940659;84087;65135;Sarno;65;SA;Salerno;150;01/06/2013;-;40,8054641;14,6263258
9411;PARAFARMACIA COVIELLO;CORSO SECONDIGLIANO 325;2432500649;80144;63049;Napoli;63;NA;Napoli;150;01/06/2013;-;40,8946879;14,2588623
9418;MARVET S.R.L.;Via Ponte Barizzo, snc;5023460651;84047;65025;Capaccio;65;SA;Salerno;150;01/08/2018;-;40,4248153;15,0769699
9423;De Martino Carlo;Via Iacopo Sannazzaro 2;5219140653;84100;65118;San cipriano picentino;65;SA;Salerno;150;01/06/2013;-;40,7191324;14,8691842
9437;Parafarmacia Pentafarm dott.ssa Braca Clementina;Via Adamo Fortunato,53/55;5586130659;84084;65052;Fisciano;65;SA;Salerno;150;01/05/2017;-;40,7731935;14,7965608
9447;LISTA FEDERICA;---- LOC.TA' QUATTRO PONTI;2846870653;84040;65028;Casal velino;65;SA;Salerno;150;01/12/2016;-;40,1907845;15,1110081
9457;parafarmaciamimax di massimiliano miliano;via e.a.mario 19/19a;7427651216;80131;63049;Napoli;63;NA;Napoli;150;01/06/2013;-;40,8531702;14,222597
9480;Farmajoint della D.ssa Cuozzo Pasqualina;Via Appia Antica 154;7428301217;81028;61082;Santa maria a vico;61;CE;Caserta;150;01/07/2013;-;41,0271136;14,455268
9481;IL FARMACISTA DEL DR. MILIOTI SALVATORE;VIA A. AMATO 126 LOC. CAMPIGLIANO;3113240836;84099;65118;San cipriano picentino;65;SA;Salerno;150;01/07/2013;-;40,6833333;14,875
9485;FEMIR SALUS SRL;VIA S. ALFONSO DE LIGUORI,3 A,B,C;7617831214;80141;63049;Napoli;63;NA;Napoli;150;01/07/2013;-;40,8611894;14,2690223
9531;PARAFARM S.A.S. DI TAMMARO LUANA & C.;VIA FERRARECCE 36;3861930612;81100;61022;Caserta;61;CE;Caserta;150;01/07/2013;-;41,0672674;14,3356802
9558;DE PASQUALE DARIO;VIA ROMA, 56;2772560641;83037;64052;Montecalvo irpino;64;AV;Avellino;150;01/08/2013;-;41,1930694;15,0291033
9567;IL BIMBO SRL;C.SO UMBERTO IÂ°, 595;7899311216;80034;63043;Marigliano;63;NA;Napoli;150;01/06/2015;-;40,9251998;14,4437213
9568;IL BIMBO SRL;Via MANZONI,21;7899311216;80040;63055;Poggiomarino;63;NA;Napoli;150;01/06/2015;-;40,7979915;14,5402322
9593;parafarmacia del prete;via domenico pirozzi 55;3905360610;80027;63032;Frattamaggiore;63;NA;Napoli;150;01/09/2013;-;40,9463448;14,2721054
9623;Iniziative Imprenditoriali srl;Via Roma 81;7522601215;80079;63061;Procida;63;NA;Napoli;150;01/09/2013;-;40,765658;14,0261241
9627;SUPERSTORE CONAD -APPIA STORE;Via Appia Km 18,700;7356491212;80014;63034;Giugliano in campania;63;NA;Napoli;150;01/09/2013;-;40,9274111;14,1910279
9639;Parafarmacia Baby Farm;via Europa 48/50;4490760651;84098;65099;Pontecagnano faiano;65;SA;Salerno;150;01/09/2013;-;40,64251;14,873447
9645;Free Farm;Via Roma snc;1367430525;84020;65120;San gregorio magno;65;SA;Salerno;150;01/09/2013;-;40,658014;15,401858
9648;FARMAPRILE S. r. l.;VIA VERDI 14/16;7473171218;80014;63034;Giugliano in campania;63;NA;Napoli;150;01/09/2013;-;40,9274111;14,1910279
9650;LA PARAFARMACIA SAS DI OSVIDI ROBERTA;Via Martiri D' Ungheria n 103;5159330652;84018;65137;Scafati;65;SA;Salerno;150;01/09/2013;-;40,7504108;14,5250207
9651;parafarmaciaschioppa;via g. da procida 86;4593880638;80079;63061;Procida;63;NA;Napoli;150;01/09/2013;-;40,7649991;14,0239063
9678;CHIEDILO AL FARMACISTA;Via Patturelli 53;3892080619;81100;61022;Caserta;61;CE;Caserta;150;01/10/2013;-;41,0482196;14,3392073
9737;pharma & beauty di annunziata maria luisa;corso nazionale 117;4451890653;84018;65137;Scafati;65;SA;Salerno;150;01/10/2013;-;40,7497393;14,5276919
9751;PARAFARMACIA MARTEFARMA;VIA G.CARAFA 2;5872160634;80141;63049;Napoli;63;NA;Napoli;150;01/10/2013;-;40,8506962;14,2463172
9768;Parafarmacia GB del Dott. Gerardo Brenna;Via Francesco Crispi 1/12;5190150655;84126;65116;Salerno;65;SA;Salerno;150;01/10/2013;-;40,6863552;14,7720737
9806;Parafarmacia Celiafarma;via per Nola 62/64;2766440644;80030;63069;San paolo bel sito;63;NA;Napoli;150;01/11/2013;-;40,914813;14,546736
9823;FARMAOVER DI LIDIA IORIO;VIA LEPANTO 11;7580441215;80045;63058;Pompei;63;NA;Napoli;150;01/11/2013;-;40,7496193;14,5038045
9824;FARMAOVER SRL;VIALE MINIERI 193;1545690628;82037;62074;Telese;62;BN;Benevento;150;01/11/2013;-;41,2185113;14,5270299
9840;PARAFARMACIA CELANO SRL;VIA PACINOTTI,1;5165050658;84098;65099;Pontecagnano faiano;65;SA;Salerno;150;01/11/2013;-;40,64251;14,873447
9845;PHARMA STATION SRL;P.ZA GARIBALDI C/O STAZIONE FS;3904300617;81100;61022;Caserta;61;CE;Caserta;150;01/11/2013;-;41,083215;14,3349289
9877;farma ferrara srl;via giulio cesare 95;7077821218;80125;63049;Napoli;63;NA;Napoli;150;01/12/2013;-;40,8249275;14,2002868
9878;Parafarmacia San Giacomo dei Capri;Via San Giacomo dei Capri 150;7632801218;80131;63049;Napoli;63;NA;Napoli;150;01/12/2013;-;40,8506962;14,2463172
9879;PHARMAFLORES SAS DI PERROTTA IMMACOLATA & C.;VIA PROVINCIALE;7106611218;80030;63013;Camposano;63;NA;Napoli;150;01/12/2013;-;40,9537434;14,5291542
9880;PARAFARMACIA DOTT.SSA NOZZOLINO;VIA CIRCUMVALLAZIONE 11;5199410654;80036;63052;Palma campania;63;NA;Napoli;150;01/12/2013;-;40,8566089;14,5533524
9889;PHARMA SERVICE SRL;VIA NAZIONALE APPIA NÂ°5;3930240613;81020;61021;Casapulla;61;CE;Caserta;150;01/12/2013;-;41,075314;14,289728
9891;PARAFARMACIA PASO;Via GIOVANNI PAOLO II;4703250656;84084;65052;Fisciano;65;SA;Salerno;150;01/05/2015;-;40,772812;14,799443
9900;C.A.G.E. PHARMA SRL SEMPLIFICATA A SOCIO UNICO;VIA VINCENZO BELLINI 1/2;7564061211;80135;63049;Napoli;63;NA;Napoli;150;01/12/2013;-;40,8505967;14,2506429
9933;PHARMA EFFEMME SRL;CORSO ELEA 29/31;5096850655;84046;65009;Ascea;65;SA;Salerno;150;01/01/2014;-;40,1416021;15,18576
9937;PARA PHARMA SERVICE SRL;via raffaello 44;3928940612;81031;61005;Aversa;61;CE;Caserta;150;01/01/2014;-;40,973212;14,204928
9945;igea sas;c.so a. de gasperi, 90;4019401217;80053;63024;Castellammare di stabia;63;NA;Napoli;150;01/01/2014;-;40,715509;14,489137
9953;EasyFarma;Via Taverna Rossa 157;7538391215;80020;63021;Casavatore;63;NA;Napoli;150;01/01/2014;-;40,899211;14,27663
9962;PARAFARMACIA SAN GIORGIO SNC;VIA ALDO MORO 129;1587750629;82018;62058;San giorgio del sannio;62;BN;Benevento;150;01/01/2014;-;41,0691548;14,8521126
9971;TWINFARMA DI DOTT.RE FELICEMASSIMO MONTANARO;PIAZZA A. MUSCO 13/14/15;2794260642;80039;63076;Saviano;63;NA;Napoli;150;01/01/2014;-;40,905613;14,505035
10029;PARAFARMACIA RIVIERA;VIA RIVIERA 1;3930910611;81043;61015;Capua;61;CE;Caserta;150;01/02/2014;-;41,099714;14,220126
10037;Cuore di Braucci Vincenzo;Via Ripuaria 253;6910121216;80014;63034;Giugliano in campania;63;NA;Napoli;150;01/02/2014;-;40,9286872;14,2006989
10050;LA VETERINARIA SRL;VIA POMPEI LOC. S.ANTONIO;2598190649;84098;65099;Pontecagnano faiano;65;SA;Salerno;150;01/02/2014;-;40,64251;14,873447
10055;parafarmacia smaldone;via papa giovanni xxiii, 46/48;4738550658;84012;65007;Angri;65;SA;Salerno;150;01/02/2014;-;40,74271;14,571439
10129;Parafarmacia Sanifarma;Via Collepiano 20;1592150625;82030;62076;Torrecuso;62;BN;Benevento;150;01/03/2014;-;41,18942;14,679335
10142;Parafarmacia Vitale della Dott.ssa Beatrice Vitale;Via Francesco Capecelatro, 28d;5226710654;80136;63049;Napoli;63;NA;Napoli;150;01/03/2014;-;40,8506962;14,2463172
10149;farma regina srl;Via delle cantine, 1;1590230627;82037;62019;Castelvenere;62;BN;Benevento;150;01/03/2014;-;41,2357414;14,5397466
10151;anseris farma;Via san vito, 1;6109061215;83029;64101;Solofra;64;AV;Avellino;150;01/03/2014;-;40,8291308;14,8456516
10153;para farma snc di iannella dott. domenico;Via nazionale, 46;1590290621;82030;62027;Dugenta;62;BN;Benevento;150;01/03/2014;-;41,132217;14,452431
10157;IL BIMBO SRL;Via SANNITICA, 9;7899311216;80026;63023;Casoria;63;NA;Napoli;150;01/06/2015;-;40,9045572;14,2901223
10162;EGESA Srl;Via Roma, 96;4743460653;84018;65137;Scafati;65;SA;Salerno;150;01/04/2014;-;40,7494366;14,5295159
10165;"Parafarmacia ""Santa Chiara Stella Maris""";via E. Astuti 115;5211540652;84014;65078;Nocera inferiore;65;SA;Salerno;150;01/04/2014;-;40,75221;14,64014
10166;PARAFARMACIA DEL SOLE SRL;Via Viviani, 11/13;3943890610;81024;61048;Maddaloni;61;CE;Caserta;150;01/04/2014;-;41,040014;14,376831
10176;PARAFARMACIA VP;Viale COLLI AMINEI, 461;3285720789;80131;63049;Napoli;63;NA;Napoli;150;01/04/2014;-;40,8708787;14,2391015
10177;MAGIPHARM S.R.L.;Via MACELLO, 22;7690391219;80045;63058;Pompei;63;NA;Napoli;150;01/04/2014;-;40,75123805;14,48792427
10193;parafarmacia dell'aquila 1;Via botta, 38;5062380653;84088;65142;Siano;65;SA;Salerno;150;01/01/2017;-;40,8036673;14,6904664
10199;PARAFARMACIA LIMONE;Via S.NULLO, 78;5545741216;80014;63034;Giugliano in campania;63;NA;Napoli;150;01/04/2014;-;40,9286872;14,2006989
10218;Dott.ssa Giuseppina Stasio;Piazza Del Popolo, 1;5051170651;84029;65143;Sicignano degli alburni;65;SA;Salerno;150;01/04/2014;-;40,560311;15,303957
10249;Fiordellisi Maria Teresa;Via Sant'Antonio, 40;2571880646;83047;64044;Lioni;64;AV;Avellino;150;01/04/2014;-;40,876517;15,187751
10250;PARAFARMACIA di Pettinelli Gabriella;Via Olevano, 96;5242420650;84091;65014;Battipaglia;65;SA;Salerno;150;01/04/2014;-;40,6165315;14,9878624
10270;Parafarmacia FD-Pharma s.r.l.;Via Giovanni Castellaccio, 18;5841221210;80075;63031;Forio;63;NA;Napoli;150;01/05/2014;-;40,734204;13,864623
10284;VILLARI MARIA;Via ROMA, 370;3685070611;81027;61075;San felice a cancello;61;CE;Caserta;150;01/05/2014;-;41,005814;14,455833
10287;SGAMBATI DOMENICO;Via PROVINCIALE AVELLA BAIANO, SNC;2806920647;83020;64103;Sperone;64;AV;Avellino;150;01/05/2014;-;40,9523593;14,6032798
10296;Alfafarma;Via Ostaglio, 59;5175680650;84131;65116;Salerno;65;SA;Salerno;150;01/05/2014;-;40,6779781;14,7657547
10303;Parafarmacia Dott.ssa Anna Antonietta Pecoraro;via della libertÃ  nÂ°55;5234780657;84086;65108;Roccapiemonte;65;SA;Salerno;150;01/05/2014;-;40,762465;14,6923748
10305;Natural Way della D.ssa Polverino Anna;Via S. Leonardo, 52;5409910659;84131;65116;Salerno;65;SA;Salerno;150;01/01/2016;-;40,6480441;14,8277563
10317;CALABRESE MICHELE;Via CAPORALE VITALE, 7;5259310653;84010;65122;San marzano sul sarno;65;SA;Salerno;150;01/05/2014;-;40,77491;14,581739
10338;parafarmacia dott. e.schiavo;Via peter willburger, 22;5262160657;84068;65098;Pollica;65;SA;Salerno;150;01/05/2014;-;40,190702;15,057156
10362;PARAFARMACIA PALANCA DEL DOTT. CARLO PALANCA;Via Roma, 1;7778321211;80011;63001;Acerra;63;NA;Napoli;150;01/05/2014;-;40,950713;14,376232
10378;PHARMA & BEAUTY;Via Pietro Nenni, 54;7771551210;80018;63048;Mugnano di napoli;63;NA;Napoli;150;01/05/2014;-;40,91131;14,205129
10431;Parafarmacia Dott.sse Rennella S.A.S. di Aurora Rennella & C.;Via Circumvallazione, 30;3979540618;81038;61094;Trentola-ducenta;61;CE;Caserta;150;01/06/2014;-;40,9727857;14,1733068
10441;PARAFARMACIA IGEA;Strada STATALE 7, KM 245;2807280645;83018;64083;San martino valle caudina;64;AV;Avellino;150;01/07/2014;-;41,025616;14,664537
10443;Supermercati D.&P. s.r.l.;Corso Mazzini, 225;4960800656;84013;65037;Cava de' tirreni;65;SA;Salerno;150;01/07/2014;-;40,7004103;14,70631
10445;PARAFARMACIA DOTT. MEOMARTINI;Via GUIDO DE RUGGIERO, 110;7789161218;80128;63049;Napoli;63;NA;Napoli;150;01/07/2014;-;40,8471962;14,2197412
10459;PARAFARMACIA SALUTE E BENESSERE;Via BELVEDERE, 46/48;1717860769;84091;65014;Battipaglia;65;SA;Salerno;150;01/07/2014;-;40,6135868;14,97144998
10508;Parafarmacia mepi srl;Via Ruta, 123;3990470613;81100;61022;Caserta;61;CE;Caserta;150;01/08/2014;-;41,083215;14,3349289
10516;Vfarma Store di Lucia Vecchio;Via serracapilli;5284700654;84025;65050;Eboli;65;SA;Salerno;150;01/08/2014;-;40,5986396;15,0604627
10523;WELLPHARM SRL;Via GIUSEPPE MARIA BOSCO, 236;3982540613;81100;61022;Caserta;61;CE;Caserta;150;01/08/2014;-;41,0803507;14,3395694
10532;FARMASALUSTELESIA S.R.L.;Via VOMERO - COND. IL GABBIANO, SNC;1605490620;82037;62074;Telese;62;BN;Benevento;150;01/08/2014;-;41,217319;14,527732
10540;Parafarmacia VE.LA.;Via Francesco Spirito, 112;5148690653;84095;65056;Giffoni valle piana;65;SA;Salerno;150;01/09/2014;-;40,718112;14,942347
10542;Parafarmacia Atena;Via Roma, 122;3981580610;81100;61022;Caserta;61;CE;Caserta;150;01/09/2014;-;41,0702496;14,3300881
10551;PARAFARMACIA VP MUGNANO;Via CESARE PAVESE, 23;3285720789;80018;63048;Mugnano di napoli;63;NA;Napoli;150;01/09/2014;-;40,9093004;14,2068354
10584;PARAFARMACIA MALU DI ANNUNZIATA PICONE;Via GIORDANO, 32/34;7852821219;80030;63088;Visciano;63;NA;Napoli;150;01/09/2014;-;40,925414;14,582837
10598;CONTEFARMA;Via ATELLANA, 60;6955511214;80022;63005;Arzano;63;NA;Napoli;150;01/10/2014;-;40,914411;14,26713
10603;PARAFARMACIA AMICA DI MARRANDINO TERESA;Via LUIGI STURZO, SNC;4121540613;81057;61091;Teano;61;CE;Caserta;150;01/02/2016;-;41,251316;14,066521
10605;Benefarma;Via Amilcare boccio, 40;7840821214;80035;63050;Nola;63;NA;Napoli;150;01/10/2014;-;40,9220129;14,532936
10606;ASSOPAR SNC DI DELL'AVERSANA ANNA SALETTA E C.;Via GUGLIELMO MARCONI, 64;3976390611;81030;61054;Parete;61;CE;Caserta;150;01/10/2014;-;40,958911;14,161927
10627;parafarmacia dott.Marrone Rossana;Corso D'Italia, 121;3014200657;84098;65099;Pontecagnano faiano;65;SA;Salerno;150;01/10/2014;-;40,6488661;14,8775046
10668;FARMASANITARIA DONATELLO;Via VENEZIA GIULIA, 10;5360381213;80021;63002;Afragola;63;NA;Napoli;150;01/11/2014;-;40,9312405;14,3128931
10677;PARAFARMACIA ERBORISTERIA DOTT.SSA MARIARITA PARRELLA;Via SAN MARTINO, 20;2508440647;82016;62043;Montesarchio;62;BN;Benevento;150;01/11/2014;-;41,0484459;14,6486154
10713;D'ANGELO ANTONIO;Via CALATA CAPODICHINO, 89;7900541215;80141;63049;Napoli;63;NA;Napoli;150;01/12/2014;-;40,8441164;14,2422998
10718;parafarmacia spennati dott.ssa mariarita;Via Benito Rossi;1470620624;82100;62008;Benevento;62;BN;Benevento;150;01/12/2014;-;41,1208342;14,7898455
10719;Parafarmacia SILOE;Via Prolungamento Matteotti, 62;5278220651;84087;65135;Sarno;65;SA;Salerno;150;01/12/2014;-;40,8079093;14,6236168
10725;parafarmacia dottoressa tammaro emanuela;Via roma, 16;5300650651;84121;65116;Salerno;65;SA;Salerno;150;01/12/2014;-;40,74460282;14,63879331
10742;parafarmacia farmameridionale;Vial roma, 92;7331591219;80020;63033;Frattaminore;63;NA;Napoli;150;01/12/2014;-;40,9557397;14,270948
10745;Parafarmacia Vivo;Via Nuova del bosco, 29;5034641216;80034;63043;Marigliano;63;NA;Napoli;150;01/12/2014;-;40,9249138;14,4568673
10764;La Veterinaria s.r.l.;Via Montano Rossi, snc;2598190649;81059;61008;Caianello;61;CE;Caserta;150;01/12/2014;-;41,304018;14,081721
10779;FARMACIA SAN VITO EREDI DR OLIVIERO ANTONIO;Via FERRANTE IMPARATO, 190;2848021214;80146;63049;Napoli;63;NA;Napoli;150;01/12/2014;-;40,8449425;14,3009137
10788;F&L PHARMA SRL;Via G. FALCONE, 9;5315060656;84081;65013;Baronissi;65;SA;Salerno;150;01/01/2015;-;40,7466004;14,7702862
10814;healthy farma ferrara;Via merliani, 118;7077821218;80129;63049;Napoli;63;NA;Napoli;150;01/01/2015;-;40,8441164;14,2422998
10816;PARAFARMACIA dott. Celentano;Corso Sant'Agata, 2\C;7913261215;80061;63044;Massa lubrense;63;NA;Napoli;150;01/01/2015;-;40,6110361;14,3450889
10828;PARAFARMACIA DOTT.SSA BISOGNO ANNARITA;Via Principe Tommaso di Savoia, 10;4968400657;84013;65037;Cava de' tirreni;65;SA;Salerno;150;01/01/2015;-;40,7004103;14,70631
10853;Parafarmacia Fatima di D'Andrea Maria Teresa;Via Madonna di Fatima, 3/c 3/d;5293270657;84129;65116;Salerno;65;SA;Salerno;150;01/02/2015;-;40,6779781;14,7657547
10887;PARAFARMACIA CASERTA;Via Ferrarecce, 42;4037920610;81100;61022;Caserta;61;CE;Caserta;150;01/02/2015;-;41,0663169;14,3395888
10893;PARAFARMACIA RE CONCETTA;Via GUIDO DE RUGGIERO, 31;7817721215;80128;63049;Napoli;63;NA;Napoli;150;01/02/2015;-;40,848136;14,2192511
10895;PHARMA+;Corso ITALIA, 171;5536881211;80067;63080;Sorrento;63;NA;Napoli;150;01/02/2015;-;40,6287992;14,388921
10901;Parafarmacia dott.ssa Zaccuri;Corso Europa, 45/47;7118590632;80016;63041;Marano di napoli;63;NA;Napoli;150;01/03/2015;-;40,89761;14,190528
10902;PARAFARMACIA SALUS;Via PIAVE, 144;2835420643;83100;64008;Avellino;64;AV;Avellino;150;01/03/2015;-;40,918803;14,7864776
10908;Parafarmacia dr.ssa Olga Buono;Piazza GIACOMO MATTEOTTI, 9;3787270614;81100;61022;Caserta;61;CE;Caserta;150;01/03/2015;-;41,083215;14,3349289
10909;Parafarmacia della dott. Raffaella Nacca;Via Armando Diaz, 43;3684100617;81050;61062;Portico di caserta;61;CE;Caserta;150;01/03/2015;-;41,056514;14,279428
10914;Parafarmacia Nuova Portico S.r.l.;Via Fratelli Rosselli, 27;4037970615;81050;61062;Portico di caserta;61;CE;Caserta;150;01/03/2015;-;41,056514;14,279428
10935;FARMASALUTE SRLS;Via VITTORIO EMANUELE II, 38;1610660621;82010;62060;San leucio del sannio;62;BN;Benevento;150;01/03/2015;-;41,074418;14,757438
10944;Parafarmacia della dott.ssa Napodano Marianna;Via Strada Statale 18, 141/143;5354100652;84091;65014;Battipaglia;65;SA;Salerno;150;01/03/2015;-;40,6092539;14,9821443
10991;FARMA DE LUCIA GROUP SRLS;Corso Caudino, 172;1586490623;82011;62001;Airola;62;BN;Benevento;150;01/04/2015;-;41,0539948;14,5579623
10994;PARAFARMACIA SAN MICHELE DI COLUCCI GIOVANNA;Via G.MEZZACAPO, 79;5365800654;84036;65114;Sala consilina;65;SA;Salerno;150;01/04/2015;-;40,3983469;15,5960944
11009;FARMAMETRO SRL;Via DE FRANCISCIS, 48;3787050610;81100;61022;Caserta;61;CE;Caserta;150;01/04/2015;-;41,083215;14,3349289
11043;PHARMACEUTIKA & NATURE S.R.L.;Via VASCA COZZOLINO, 70;8046101211;80040;63056;Pollena trocchia;63;NA;Napoli;150;01/05/2015;-;40,8546349;14,3794683
11062;PARAFARMACIA DOTTORESSA MASSARO MARIA GIOVANNA;Piazza NINO BIXIO, 7;4038030617;81030;61012;Cancello ed arnone;61;CE;Caserta;150;01/05/2015;-;41,025834;14,080702
11152;Parafarmacia Dott. Belfiore Francesco Benedetto;Via Magna Grecia, 468;2844820643;84047;65025;Capaccio;65;SA;Salerno;150;01/06/2015;-;40,4007294;15,0183632
11179;PARAFARMACIA DOTT.SSA ALESSIA CASUCCI;Via BENVENUTO CELLINI, 18;8102681213;80055;63059;Portici;63;NA;Napoli;150;01/06/2015;-;40,8168232;14,3394789
11195;parafarmacia centrale srl;Piazza renato casalbore 15, 15;5576750656;84124;65116;Salerno;65;SA;Salerno;150;01/05/2017;-;40,67997;14,770419
11212;PARAFARMACIA VIVO 2;Stradastatale 7 BIS KM 51,500, 66;5034641216;80035;63050;Nola;63;NA;Napoli;150;01/12/2015;-;40,9220129;14,532936
11281;PARAPHARM DOTT.SSA CIRIGLIANO;Via Mensa, 112;5066130658;84062;65082;Olevano sul tusciano;65;SA;Salerno;150;01/08/2015;-;40,657211;15,02305
11299;ANTICA DROGHERIA PHARMA NATURA SRL;Via SAN MARTINO, 36;8093841214;80036;63052;Palma campania;63;NA;Napoli;150;01/08/2015;-;40,8649172;14,5487326
11327;PARAFARMACIA SS. ROSARIO;Via PIAVE, 28;8126391211;80045;63058;Pompei;63;NA;Napoli;150;01/09/2015;-;40,7495316;14,5011513
11335;PARAFARMACIA;Stradastatale SANNITICA, KM 20,700;3380500615;81020;61104;San marco evangelista;61;CE;Caserta;150;01/09/2015;-;41,038614;14,34183
11336;PARAFARMACIA SANT'ANNA DI SAPERE GIULIO;Via B. BUOZZI, 9;5410920655;84091;65014;Battipaglia;65;SA;Salerno;150;01/09/2015;-;40,6092539;14,9821443
11350;Farmabio s.n.c. di Paola e Anna Memoli;Corso Giuseppe Garibaldi, 144c/146;5255520651;84123;65116;Salerno;65;SA;Salerno;150;01/09/2015;-;40,6779781;14,7657547
11367;PARAFARMACIA DOTT.SSA AVITABILE S.R.L.S.;Via MONTEVERGINE, 7;2849920646;83027;64065;Mugnano del cardinale;64;AV;Avellino;150;01/09/2015;-;40,946328;14,640234
11368;2EMMEPHARMA;Corso GARIBALDI, 51;5414070655;84123;65116;Salerno;65;SA;Salerno;150;01/09/2015;-;40,6745515;14,7709912
11375;2EMMEPHARMA;Via Italia, 20;5414070655;84091;65014;Battipaglia;65;SA;Salerno;150;01/09/2015;-;40,607407;14,98247
11418;parafarmacia da vinci srl;Via leonardo da vinci, 177-179;8149571211;80055;63059;Portici;63;NA;Napoli;150;01/10/2015;-;40,8193254;14,3403468
11439;Webmoove srl;Via Riviera di Chiaia, 270;8294391217;80121;63049;Napoli;63;NA;Napoli;150;01/09/2016;-;40,8333684;14,2386928
11448;PARAFARMACIA MONTORESE DELLA D.SSA RICCIARDELLI;Via LEONE, 2;2867990646;83025;64121;Montoro;64;AV;Avellino;150;01/11/2015;-;40,819622;14,785869
11454;parafarmacia saticula;Via caudina, 104;1640250625;82019;62070;Sant'agata de' goti;62;BN;Benevento;150;01/11/2015;-;41,058936;14,556521
11489;MORESCANTI GIOVANNI;Via ROMA, 7;8198611215;80053;63024;Castellammare di stabia;63;NA;Napoli;150;01/12/2015;-;40,698697;14,483924
11497;PARAFARMACIA DEL POPOLO DI AL DARBASHI KHETAM;Via NUOVA DETTA CASORIA, 106;8192821218;80144;63049;Napoli;63;NA;Napoli;150;01/12/2015;-;40,8829952;14,3081337
11506;PARAFARMACIA ABBATE;Via MICHELANGELO, 172;4103210615;81031;61005;Aversa;61;CE;Caserta;150;01/01/2016;-;40,9670584;14,1980587
11608;PARAFARMACIA DEL FIUME S.R.L.;Via BONIFICA, 59;8233951212;84018;65137;Scafati;65;SA;Salerno;150;01/02/2016;-;40,7413111;14,5093588
11617;PARAFARMACIA SANIFAS;Via A. RESCIGNO, 23/25;4869030652;84083;65034;Castel san giorgio;65;SA;Salerno;150;01/02/2016;-;40,779683;14,696233
11624;PARAFARMACIA CONAD;Via CINTHIA, angolo via Marco Aurelio, SNC;6882701219;80132;63049;Napoli;63;NA;Napoli;150;01/02/2016;-;40,8517746;14,2681244
11669;parafarmacia sport&benessere;Via Miano a Capodimonte, 39/c;8269971217;80145;63049;Napoli;63;NA;Napoli;150;01/02/2016;-;40,8707988;14,2499253
11708;Parafarmacia Dott.ssa Iovino;Via Nicola Bruni Grimaldi, 7;5462920652;84014;65078;Nocera inferiore;65;SA;Salerno;150;01/03/2016;-;40,74448;14,635609
11720;"PARAFARMACIA ""S.TERESA""";Via DEL LAVORO, 146;3842310611;81055;61083;Santa maria capua vetere;61;CE;Caserta;150;01/03/2016;-;41,087419;14,2427794
11725;ZOOVET SRL;Via Roma x Cappella Reale, 79;2303160614;81030;61012;Cancello ed arnone;61;CE;Caserta;150;01/03/2016;-;41,0744222;14,0268253
11730;KADEA S.R.L.;Via MADONNA DELLE GRAZIE, 95;8203791218;80014;63034;Giugliano in campania;63;NA;Napoli;150;01/03/2016;-;40,9402635;14,2400185
11741;"Parafarmacia""La Fenice"" del Dott.Ugo Tanga";Via XX Settembre, 70;2875870640;83059;64114;Vallata;64;AV;Avellino;150;01/03/2016;-;41,0347213;15,2532854
11761;parafarmacia dott.ssa sala sabrina;Via pio x, 103;5459970652;84043;65002;Agropoli;65;SA;Salerno;150;01/04/2016;-;40,346789;14,993179
11768;FARMAREKY DI ESPOSITO SILVIA;"Via POMIGLIANO C.C. ""LE AQUILE"", 123";8310741213;80048;63072;Sant'anastasia;63;NA;Napoli;150;01/04/2016;-;40,8690218;14,4023802
11827;Pharmavet;Piazza San Ciro, 38;8360141215;80055;63059;Portici;63;NA;Napoli;150;01/05/2016;-;40,8139359;14,3385329
11863;Farmazoo;Corso Umberto I, 154;8353371217;80034;63043;Marigliano;63;NA;Napoli;150;01/05/2016;-;40,9258127;14,452294
11874;Parafarmacia Dott.sa Spinelli Filomena;Via Estate, 21;5494720658;84043;65002;Agropoli;65;SA;Salerno;150;01/05/2016;-;40,3382233;14,9892402
11899;FERRARO VINCENZO;Via SOPRAMONTE, 2;8385011211;80071;63014;Capri;63;NA;Napoli;150;01/06/2016;-;40,551692;14,244722
11906;RESET SRL;Strada STATALE SANNITICA 87 KM 8;6333951215;80026;63023;Casoria;63;NA;Napoli;150;01/06/2016;-;40,9075976;14,2928248
11913;Parafarmacia dr.ssa Luisa Gentile;Via Onorevole Francesco Napolitano, 25/27;8376911213;80035;63050;Nola;63;NA;Napoli;150;01/06/2016;-;40,92865;14,5281324
11940;PARAFARMACIA PUCCIARELLI DI PUCCIARELLI LUCA;Via PRINCIPESSA ELENA, 39;5458480653;84030;65019;Caggiano;65;SA;Salerno;150;01/06/2016;-;40,567235;15,493799
11960;PARAFARMACIA S.A.S. DI MAURI RICCARDO;Via P.VITIELLO, 33;5472270650;84018;65137;Scafati;65;SA;Salerno;150;01/07/2016;-;40,7486379;14,5139492
11964;parafarmacia;Via marciotti, 62;4951951211;80047;63068;San giuseppe vesuviano;63;NA;Napoli;150;01/07/2016;-;40,835834;14,499171
11965;Parafarmcia Sant'Anna di Petti Concetta;Via Aldo Moro, 30;5278900658;84085;65067;Mercato san severino;65;SA;Salerno;150;01/07/2016;-;40,7821803;14,7549118
11974;parafarmacia saticula;Viale principe di napoli, 2;1640250625;82100;62008;Benevento;62;BN;Benevento;150;01/07/2016;-;41,1349337;14,7730731
12010;Croce Angela;Viale Lazio, 2;5496250654;84043;65002;Agropoli;65;SA;Salerno;150;01/07/2016;-;40,348424;14,994736
12019;parafarmacia grazia;Via roma, 5;8381761215;80053;63024;Castellammare di stabia;63;NA;Napoli;150;01/07/2016;-;40,699026;14,483834
12022;Parafarmacia;Via gioacchino gigantino, 7;5461930652;84013;65037;Cava de' tirreni;65;SA;Salerno;150;01/07/2016;-;40,7019876;14,6981135
12042;PARAFARMACIA MUSCIANESE di MUSCIANESE MARICA;LocalitÃ  LUCIANI - PARCO AGORA', SNC;4127880617;81041;61100;Vitulazio;61;CE;Caserta;150;01/07/2016;-;41,162817;14,215892
12060;PARAFARMACIA PASO;Via ROMA, 11-14;4703250656;84095;65056;Giffoni valle piana;65;SA;Salerno;150;01/08/2016;-;40,720962;14,93861
12067;Chiedilo al farmacista;Via dei Greci, 5;5511430653;84135;65116;Salerno;65;SA;Salerno;150;01/08/2016;-;40,6997364;14,776266
12080;DAMARE srl;Via G.L.Bernini, 83/b;7011591216;80129;63049;Napoli;63;NA;Napoli;150;01/08/2016;-;40,845935;14,2314478
12104;PARAFARMACIA FARMAMED;Via E.NIVOLARDI I trav.priv., 9;5498840650;80131;63049;Napoli;63;NA;Napoli;150;01/09/2016;-;40,868656;14,233949
12108;Parafarmacia Farmamed;Via E.Nicolardi 1'traversa privata, 9;5498840650;80131;63049;Napoli;63;NA;Napoli;150;01/09/2016;-;40,86188;14,2721
12111;ORTODYNAMIC SRL;Via NAZIONALE, 148;5078030656;84010;65130;Sant'egidio del monte albino;65;SA;Salerno;150;01/09/2016;-;40,748233;14,589463
12124;parafarmacia degli aranci;Viale delle querce, 36;4138090610;81100;61022;Caserta;61;CE;Caserta;150;01/09/2016;-;41,071396;14,35416
12126;Romano Mariagrazia;Via Santa Rita da Cascia, 19/21;7521481213;80014;63034;Giugliano in campania;63;NA;Napoli;150;01/09/2016;-;40,93491;14,206422
12183;PARAFARMACIA SANSO' VIVIANA;Via ALLOCCA, 2;8474681213;80049;63079;Somma vesuviana;63;NA;Napoli;150;01/10/2016;-;40,8865153;14,4324474
12194;PARAFARMACIA DEI SANTI S.R.L.S.;Via SANTI MARTIRI SALERNITANI, 35/37;5529030651;84123;65116;Salerno;65;SA;Salerno;150;01/10/2016;-;40,6766385;14,7692941
12203;"PARAFARMACIA ""S.TERESA""";Via RAMPETTA DE MICHELE;3842310611;81055;61083;Santa maria capua vetere;61;CE;Caserta;150;01/10/2016;-;41,0820867;14,2541872
12221;Parafarmacia Vivo dr.ssa Maria Gabriella 2;Via salvati, 129;4951951211;80047;63068;San giuseppe vesuviano;63;NA;Napoli;150;01/11/2016;-;40,861187;14,266093
12224;CORFARM;Via Nazionale Appia, 39;4177400613;81022;61018;Casagiove;61;CE;Caserta;150;01/11/2016;-;41,072606;14,315899
12234;BLANC S.R.L.;Via Napoli, 77/79;4154050613;81055;61083;Santa maria capua vetere;61;CE;Caserta;150;01/11/2016;-;41,0673;14,255545
12269;DEA. FORT. SRL;Via VITTORIO VENETO;5429190654;84013;65037;Cava de' tirreni;65;SA;Salerno;150;01/11/2016;-;40,7058695;14,705823
12274;Parafarmacia Ferolla;Via Angelo Rubino, 103;5530400653;84078;65154;Vallo della lucania;65;SA;Salerno;150;01/11/2016;-;40,232081;15,2660735
12275;Parafarmacia Farmatutto della Dott.ssa Russo Maria Josefina;Via Nazionale, s.n.c.;5260660658;84033;65076;Montesano sulla marcellana;65;SA;Salerno;150;01/11/2016;-;40,2802945;15,6550459
12295;FarmAmica;Via madonna delle grazie, 13;5527470651;84012;65007;Angri;65;SA;Salerno;150;01/12/2016;-;40,738642;14,568762
12301;Parafarmacia degli dei;Piazza parrocchia, 5,6;4191340613;81020;61078;San nicola la strada;61;CE;Caserta;150;01/12/2016;-;41,05387;14,3324911
12315;Parafarmacia Padre Pio;Via bernini, 5;4194940617;81100;61022;Caserta;61;CE;Caserta;150;01/12/2016;-;41,0777217;14,3358342
12337;AR.CA.SRL;Via FRATELLI MARISTI,, 58;7737921218;80014;63034;Giugliano in campania;63;NA;Napoli;150;01/01/2017;-;40,9242147;14,203446
12346;PARAFARMACIA MAROLO;Via PASSANTI, 316;8530371213;84018;65137;Scafati;65;SA;Salerno;150;01/01/2017;-;40,7665695;14,5169662
12356;SAGIPA S.R.L.S.;Viale EUROPA, 126;8379911210;80053;63024;Castellammare di stabia;63;NA;Napoli;150;01/01/2017;-;40,700636;14,489178
12373;Parafarmacia Dott A.Noviello;Corso umberto I, 254;3545690616;81036;61074;San cipriano d'aversa;61;CE;Caserta;150;01/01/2017;-;41,0026763;14,1425098
12385;PARAFARMACIA DELLA DOTT.SSA DI PALMA ANNA;Via VACCARO, 76;5558460654;84010;65151;Tramonti;65;SA;Salerno;150;01/01/2017;-;40,701663;14,6470128
12413;PARAFARMACIA S. ADELE s.r.l.;Via G. DI PRISCO, 152;7885141213;80044;63051;Ottaviano;63;NA;Napoli;150;01/01/2017;-;40,8513789;14,5100061
12420;PARAFARMACIA;Via SALVATOR ROSA, 89;8511601216;80046;63067;San giorgio a cremano;63;NA;Napoli;150;01/01/2017;-;40,838814;14,3444615
12421;PARAFARMACIE FP SRL;Corso UMBERTO I, 125;8539821218;80013;63017;Casalnuovo di napoli;63;NA;Napoli;150;01/01/2017;-;40,910922;14,342043
12430;PARAFARMACIA DE VITA;Via A. PECCHIA, 74;8563141210;80022;63005;Arzano;63;NA;Napoli;150;01/01/2017;-;40,9132812;14,2690769
12435;parafarmicisoapotcveterinariomeopatia;Via nazionale, 107;1010210613;81010;61064;Pratella;61;CE;Caserta;150;01/01/2017;-;41,4073006;14,1808587
12455;PARAFARMACIA CILEA;Via CILEA, 45/B;8381761215;80127;63049;Napoli;63;NA;Napoli;150;01/02/2017;-;40,8432101;14,2249415
12457;FARMA PET S.R.L.;Viale Brodolini, 62/64;5547500651;84091;65014;Battipaglia;65;SA;Salerno;150;01/02/2017;-;40,5986388;14,9869312
12514;PARAFARMACIA E CENTRO ESTETICO BENNY;Via ALDO MORO, 20-22;5061610654;80035;63050;Nola;63;NA;Napoli;150;01/03/2017;-;40,920908;14,532942
12517;OFFICINA GALENICA SRLS;Via DE CONCILIJ, 14;2916050640;83100;64008;Avellino;64;AV;Avellino;150;01/03/2017;-;40,9135573;14,783355
12566;BIOFARMA SOCIETA' A RESPONSABILITA' LIMITATA SEMPLIFICATA;Via IMBRIANI, 84;1680140629;83012;64025;Cervinara;64;AV;Avellino;150;01/04/2017;-;41,0243911;14,6163246
12575;ARS MEDICA DOTTORESSA MONICA DI MATTEO SRLS;Via NIZZA, 192;5582070651;84124;65116;Salerno;65;SA;Salerno;150;01/04/2017;-;40,681039;14,7733959
12580;PARAFARMACIA;Corso UMBERTO I, 333;8516201210;80058;63083;Torre annunziata;63;NA;Napoli;150;01/04/2017;-;40,760103;14,432412
12590;Parafarmacia del Centro;Viacomunale Bixio;5096850655;84060;65098;Pollica;65;SA;Salerno;150;01/05/2017;-;40,17391383;15,03963947
12591;PARAFARMACIA DE VITA;Corso DURANTE, 138;8563141210;80027;63032;Frattamaggiore;63;NA;Napoli;150;01/05/2017;-;40,9407543;14,2693705
12592;PARAFARMACIA;Corso VITTORIO EMANUELE, 3;2928710645;83021;64007;Avella;64;AV;Avellino;150;01/05/2017;-;40,9606479;14,5994084
12622;eFarma Group srl;Via Torregaveta, 19;8642621216;80070;63047;Monte di procida;63;NA;Napoli;150;01/05/2017;-;40,8099445;14,0459532
12631;PARAFARMACIA DOTT.SSA D'AMATO LUISA PAOLA;Viale DELL'IMMACOLATA, 13;5555840650;84086;65108;Roccapiemonte;65;SA;Salerno;150;01/05/2017;-;40,763728;14,691563
12671;N. & H. SALUTE S.R.L;Via GALILEO FERRARIS, 137-139-141;8523221219;80142;63049;Napoli;63;NA;Napoli;150;01/06/2017;-;40,8498314;14,2862586
12683;PARAFARMACIA S. Severo;Via SAN SEVERO A CAPODIMONTE, 80;4827791213;80137;63049;Napoli;63;NA;Napoli;150;01/09/2017;-;40,8607194;14,2513879
12691;IULIANO ALESSANDRA;Via A. DE FRANCISCIS, 48;4163070610;81100;61022;Caserta;61;CE;Caserta;150;01/06/2017;-;41,0781543;14,340741
12711;in corpore sano di margherita rainone;Via alcide de gasperi, 287;8490961219;84018;65137;Scafati;65;SA;Salerno;150;01/07/2017;-;40,7612653;14,5359759
12744;Baselice s.r.l.;Via Masseria Monturiello, 9;4841710652;84087;65135;Sarno;65;SA;Salerno;150;01/07/2017;-;40,8020327;14,6192607
12745;Baselice s.r.l.;Piazza Sedile di Portanova, 36;4841710652;84121;65116;Salerno;65;SA;Salerno;150;01/07/2017;-;40,6780437;14,7624793
12751;HEALTHYMED SRL;Via GIUSEPPE ORLANDI, 188;8633291219;80071;63004;Anacapri;63;NA;Napoli;150;01/07/2017;-;40,5528018;14,2177813
12752;Parafarmacia Dott.ssa Beatrice Vitale;Via Delle Calabrie, 4;5226710654;84131;65116;Salerno;65;SA;Salerno;150;01/07/2017;-;40,64935;14,85226
12784;Pentafarm;Via italia, 52;5586130659;84090;65099;Pontecagnano faiano;65;SA;Salerno;150;01/07/2017;-;40,6436954;14,8777463
12795;PARAFARMACIA ORLANDUCCI;Via CONTE PIROMALLO, 37/39;8656081216;80040;63070;San sebastiano al vesuvio;63;NA;Napoli;150;01/07/2017;-;40,8454988;14,3725625
12828;PARAFARMACIA DOTT. MARGHERITA CUOCO;Via V. LORIA, 48;5612410653;84129;65116;Salerno;65;SA;Salerno;150;01/08/2017;-;40,6636085;14,8002754
12830;"RENFARM SRL ""PAHRMAROSE""";Via ROMA, 183;6547061215;80020;63033;Frattaminore;63;NA;Napoli;150;01/08/2017;-;40,9613;14,267465
12851;ERBORISTERIA PARAFARMACIA CAPACCIO;Via Giulio Cesare Capaccio, 12 C;8011401216;80142;63049;Napoli;63;NA;Napoli;150;01/09/2017;-;40,8484804;14,2749448
12857;Parafarmacia;Via De Renato Martino, 4;4191340613;81100;61022;Caserta;61;CE;Caserta;150;01/09/2017;-;41,0690063;14,3329592
12862;SER.KAT.SRL UNIPERSONALE;Corso VITTORIO EMANUELE, 101;2751670643;83100;64008;Avellino;64;AV;Avellino;150;01/09/2017;-;40,9141424;14,7894095
12893;Parafarmacia S.Cecilia S.R.L.;Via PAOLO EMILIO CAPONE, 17;1686050624;82010;62006;Arpaise;62;BN;Benevento;150;01/09/2017;-;41,0294242;14,7446586
12908;M.F.D. PHARMA AND BAEUTY SRLS;Via sant'antonio abate, 147;4246640611;81030;61043;Gricignano di aversa;61;CE;Caserta;150;01/09/2017;-;40,986472;14,232951
12930;PHARMA GALENO SRL;Via PRINCIPE DI AMEDEO, 53/C;8740681211;80053;63024;Castellammare di stabia;63;NA;Napoli;150;01/10/2017;-;40,6978674;14,4859101
12940;Ortopedia San Ciro;Via Filangieri, 162;8441461210;80069;63086;Vico equense;63;NA;Napoli;150;01/10/2017;-;40,663125;14,429152
12941;PARAFARMACIA LO CONTE WALTER;Via GIUSEPPE BUONOMO, 48;6454790632;80136;63049;Napoli;63;NA;Napoli;150;01/10/2017;-;40,8611819;14,2437028
12951;PARAFARMACIA DI LUCA;Via GELSO, 55;5464400653;84126;65116;Salerno;65;SA;Salerno;150;01/10/2017;-;40,6859268;14,7725879
12963;PARAFARMACIA NATURALE DI AUTUNNO DOTT.SSA VINCENZA;Via ANGELO RUBINO, 298;5640640651;84078;65154;Vallo della lucania;65;SA;Salerno;150;01/10/2017;-;40,2317753;15,273273
12996;G.A.M. FARMA SRLS;Via PETRARCA, 9;8774151214;80026;63023;Casoria;63;NA;Napoli;150;01/11/2017;-;40,9022898;14,2971287
13027;PARAFARMACIA DE VIVO DI DE VIVO SALVATORE;Corso UMBERTO I, 718 BIS;4274700618;81033;61019;Casal di principe;61;CE;Caserta;150;01/12/2017;-;41,0082219;14,1124539
13035;ERBORISTERIA E PARAFARMACIA DEL POPOLO SRLS;Via UMBERTO I, 32;2917360642;83029;64101;Solofra;64;AV;Avellino;150;01/01/2018;-;40,829698;14,8482321
13043;Pharmasanitaria D'avino Francesco;Via g. campano, 152;8511841218;80145;63049;Napoli;63;NA;Napoli;150;01/12/2017;-;40,8941365;14,2306694
13082;FARMACI - sop PARAFARMACIA;Via SAN NICOLA, 24;8322991210;80067;63080;Sorrento;63;NA;Napoli;150;01/01/2018;-;40,625907;14,3703987
13083;FARMACI+;Corso Italia, 247;5536881211;80067;63080;Sorrento;63;NA;Napoli;150;01/01/2018;-;40,6265426;14,3790551
13092;Parafarmacia Dalton;Stradastatale km 20,700, snc;9945250968;81020;61104;San marco evangelista;61;CE;Caserta;150;01/01/2018;-;41,02517096;14,32721992
13094;PARAFARMACIA PLINIO;Via PLINIO IL VECCHIO, 61-63-65;5925571217;80053;63024;Castellammare di stabia;63;NA;Napoli;150;01/01/2018;-;40,7001781;14,4851689
13096;parafarmacia pharmabeautyhealth;Via p.tta angelo ferraro, 9;8821871210;80073;63014;Capri;63;NA;Napoli;150;01/01/2018;-;40,5555697;14,2407906
13106;Galarza Galarza Deborah Pierina;LocalitÃ  Calvisi Carano;4050440611;81037;61088;Sessa aurunca;61;CE;Caserta;150;01/01/2018;-;41,20791304;13,90861262
13123;PARAFARMACIA HERBAPHARMA;Via ROMANIELLO, 101;4271590616;81038;61094;Trentola-ducenta;61;CE;Caserta;150;01/01/2018;-;40,97453404;14,17430683
13132;DOTT. VINCENZO MONTERA;Via COLOMBO, 18/20;5440740651;84098;65099;Pontecagnano faiano;65;SA;Salerno;150;01/02/2018;-;40,6383223;14,8827999
13146;SF PARAFARMACIE SRLS;Via MAZZINI, 20;5652060657;84091;65014;Battipaglia;65;SA;Salerno;150;01/02/2018;-;40,6090772;14,9814221
13149;FARMAMED DI VARRIALE VINCENZO;Via II TRAV.E. NICOLARDI, 9;2306400462;80131;63049;Napoli;63;NA;Napoli;150;01/02/2018;-;40,868804;14,234027
13155;Parafarmacia La Maison de BeautÃ¨ di De Santis Graziella;Via via Pasquale Rossi, 33;2965760644;83038;64059;Montemiletto;64;AV;Avellino;150;01/02/2018;-;41,0113307;14,9064311
13177;Iadevia S.r.l.;Via Napoli, 338;4287430617;81024;61048;Maddaloni;61;CE;Caserta;150;01/02/2018;-;41,0287632;14,3754243
13184;PARAFARMACIA TROTTA;Via D'ANGIO', 100;4297570618;81055;61083;Santa maria capua vetere;61;CE;Caserta;150;01/02/2018;-;41,078282;14,25408
13186;Parafarmacia Dorato;Viale della Vittoria, 60/A;14664371003;84020;65008;Aquara;65;SA;Salerno;150;01/02/2018;-;40,4420142;15,2569364
13187;Parafarmacia Rocca d'Evandro;Via traversa interna Casamarina;4287470613;81040;61069;Rocca d'evandro;61;CE;Caserta;150;01/02/2018;-;41,41031;13,866781
13189;Parafarmacia Dottoressa Raffaella Lerro;Via UnitÃ  Italiana, 91;3966780615;81100;61022;Caserta;61;CE;Caserta;150;01/02/2018;-;41,0665577;14,3412277
13219;BIOCARE EMMEVVI SRL;Via CAPASSO, 30;5516470654;84134;65116;Salerno;65;SA;Salerno;150;01/03/2018;-;40,67892695;14,77654039
13236;Animal Mangimi Zootecnica;Via Domitiana km 32,200;4188580619;81030;61027;Castel volturno;61;CE;Caserta;150;01/03/2018;-;41,00564073;13,9647003
13284;RPF SRL;Via DEI SANNITI (AREA P.I.P.), SNC;2800270619;81020;61026;Castel morrone;61;CE;Caserta;150;01/04/2018;-;41,12175783;14,37226968
13304;AFG FARMA SRL;Stradaprovinciale 330 LOC. PONTE MARGHERITA, SNC;912500949;81010;61033;Dragoni;61;CE;Caserta;150;01/04/2018;-;41,53094;14,153069
13310;Lo speziale del Dr. Simone Tarantini;Via Cristoforo Colombo, snc;14708421004;84043;65002;Agropoli;65;SA;Salerno;150;01/04/2018;-;40,348896;14,991704
13314;Parisi Antonio;Piazza Della Liberazione, S.C.;4285760619;81011;61002;Alife;61;CE;Caserta;150;01/04/2018;-;41,3272443;14,3352027
13317;G.A.M. FARMA S.R.L.S.;Via TAVERNA ROSSA, 157;8774151214;80020;63021;Casavatore;63;NA;Napoli;150;01/04/2018;-;40,897889;14,2841128
13323;parafarmacia & veterinaria;Via guerritore, 13-15;4715810653;84013;65037;Cava de' tirreni;65;SA;Salerno;150;01/04/2018;-;40,7036765;14,7064418
13332;PARAFARMACIA DEL VIALE DELLA DOTT.SSA GIUSEPPINA SALERNO;Viale ITALIA, 433;2973690643;83100;64008;Avellino;64;AV;Avellino;150;01/04/2018;-;40,90828;14,76651
13347;PARAFARMACIA DOTT.SSA RIZZO EMANUELA;Via RISORGIMENTO, 68/70;4975340656;84043;65002;Agropoli;65;SA;Salerno;150;01/05/2018;-;40,35399435;14,99722984
13449;HERBO.VET SRLS;Via NAPOLI, 120;1641210628;82100;62008;Benevento;62;BN;Benevento;150;01/07/2018;-;41,1237392;14,7739353
13547;Farmacosmo srl;Via Franceco Ierace, 8;7328451211;80129;63049;Napoli;63;NA;Napoli;150;01/08/2018;-;40,8504344;14,2325543
13557;MAGNETARFARMA S.R.L.;Via delle Puglie, 19;5631620654;84085;65067;Mercato san severino;65;SA;Salerno;150;01/08/2018;-;40,7926013;14,758796
13564;Pharma Touch;Via del Parco Marghertia, 31;8864361210;80100;63049;Napoli;63;NA;Napoli;150;01/08/2018;-;40,83780722;14,23556362
13581;NUCLEA PARAFARMACIE S.R.L.;Via Ascensione, 3;8987651216;80121;63049;Napoli;63;NA;Napoli;150;01/08/2018;-;40,8338821;14,234305
13611;parafarmacia baby farm di dell'isola giovanna;Via padre ludovico da casoria, 9;3624140657;84025;65050;Eboli;65;SA;Salerno;150;01/09/2018;-;40,61241281;15,04919735
13625;M.G.A. PHARMA & MORE SRLS;Via GIOVANNI XXIII, 113;8942251219;80020;63033;Frattaminore;63;NA;Napoli;150;01/09/2018;-;40,9503512;14,2716323
13628;Progetto Idea Futura Srl;Via Francesco Tedesco, 178;1723190623;83100;64008;Avellino;64;AV;Avellino;150;01/09/2018;-;40,9149751;14,8083723
13631;FARMA DE LUCIA GROUP;Via CESINE, SNC;1586490623;82018;62058;San giorgio del sannio;62;BN;Benevento;150;01/09/2018;-;41,0785148;14,8518476
13653;Progetto Idea Futura Srl;Via Cariello, 39;1723190623;83031;64005;Ariano irpino;64;AV;Avellino;150;01/09/2018;-;41,1608784;15,1122524

