Identificativo;TipologiaImmobile;Indirizzo;Comune;Provincia;Sezione;Foglio;Particella;Sub
1420F;Fabbricato;Contrada Tufara;Altavilla Irpina;AV;;2;1335;1
1421F;Fabbricato;Contrada Tufara;Altavilla Irpina;AV;;2;1336;1
1422F;Fabbricato;Contrada Tufara;Altavilla Irpina;AV;;2;1336;2
150F;Fabbricato;Via Roma, 1 ;Avellino;AV;;36;2992;
282F;Fabbricato;Via Serroni;Mercogliano;AV;;10;154;
152F;Fabbricato;Via Petrile s.n.c.;Sant'Angelo dei Lombardi;AV;;31;1049;
73F;Fabbricato;Viale dei Mellusi, 104;Benevento;BN;;89;98;20
74F;Fabbricato;Viale dei Mellusi, 104;Benevento;BN;;89;98;1
91F;Fabbricato;Via Nicola da Monteforte (ex Piazza Risorgimento);Benevento;BN;;84;82;
156F;Fabbricato;Via Arco Traiano, 42 è. T-1-2;Benevento;BN;;41;4088;7
740F;Fabbricato;Via M. Pascucci (ex Via Santa Colomba);Benevento;BN;;97;41;5
900F;Fabbricato;VIA TORRETTA 29;Benevento;BN;;49;83;1
901F;Fabbricato;VIA TORRETTA 29;Benevento;BN;;49;83;2
902F;Fabbricato;VIA TORRETTA 29;Benevento;BN;;49;83;3
903F;Fabbricato;VIA TORRETTA 29;Benevento;BN;;49;232;9
1352F;Fabbricato;Via Traiano piano 4;Benevento;BN;;41;4088;8
1425F;Fabbricato;Località Porca Prena;Bucciano;BN;;7;29;
1479F;Fabbricato;via Caldaie, snc;Faicchio;BN;;22;584;1
588F;Fabbricato;Strada Statale Appia, 7, piano T - 1;San Giorgio del Sannio;BN;;22;138;4
589F;Fabbricato;Strada Statale Appia, 7, piano 1;San Giorgio del Sannio;BN;;22;138;5
590F;Fabbricato;Strada Statale Appia, 7, piano 1;San Giorgio del Sannio;BN;;22;138;6
591F;Fabbricato;Strada Statale Appia, 7, piano 1;San Giorgio del Sannio;BN;;22;138;7
592F;Fabbricato;Strada Statale Appia, 7, piano 1;San Giorgio del Sannio;BN;;22;138;8
593F;Fabbricato;Strada Statale Appia, 7, piano 1;San Giorgio del Sannio;BN;;22;138;9
651F;Fabbricato;Piazza Risorgimento, 21/22;San Marco dei Cavoti;BN;;35;329;3
1426F;Fabbricato;Località Piano Melaino;Tocco Caudio;BN;;10;181;
387F;Fabbricato;Via Strada Provinciale 264 Basso Volturno;Cancello ed Arnone;CE;;26;119;2
642F;Fabbricato;Via Strada Provinciale 264 Basso Volturno;Cancello ed Arnone;CE;;26;119;4
643F;Fabbricato;Via Strada Provinciale 264 Basso Volturno;Cancello ed Arnone;CE;;26;119;5
644F;Fabbricato;Via Strada Provinciale 264 Basso Volturno;Cancello ed Arnone;CE;;26;119;6
645F;Fabbricato;Via Strada Provinciale 264 Basso Volturno;Cancello ed Arnone;CE;;26;119;7
646F;Fabbricato;Via Strada Provinciale 264 Basso Volturno;Cancello ed Arnone;CE;;26;119;8
647F;Fabbricato;Via Strada Provinciale 264 Basso Volturno;Cancello ed Arnone;CE;;26;119;9
648F;Fabbricato;Via Strada Provinciale 264 Basso Volturno;Cancello ed Arnone;CE;;26;119;3
1427F;Fabbricato;Località Riccia Vecchia;Cancello ed Arnone;CE;;39;5109;
865F;Fabbricato;VIA FRASCALE;Capua;CE;;26;5017;
112F;Fabbricato;Via Provinciale Carinola p.T- vicolo caranci;Carinola;CE;;28;5109;
132F;Fabbricato;Viale Ellittico, 21-23 (p. t.1);Caserta;CE;;500;1906;
134F;Fabbricato;Viale Ellittico, 21-23 (p. t. int. 1);Caserta;CE;;500;1296;
483F;Fabbricato;Via Cesare Battisti 28-p terra 1-2-3-S1;Caserta;CE;;500;5318;
1050F;Fabbricato;VIA DE MARTINO 14;Caserta;CE;;500;5132;88
1051F;Fabbricato;VIA DE MARTINO 14;Caserta;CE;;500;5132;89
1052F;Fabbricato;VIA DE MARTINO 14;Caserta;CE;;500;5132;90
1405F;Fabbricato;via Risorgimento;Cellole;CE;;162;5136;1
1470F;Fabbricato;via Risorgimento;Cellole;CE;;162;5132;3
1471F;Fabbricato;via Risorgimento;Cellole;CE;;162;5132;4
1094F;Fabbricato;BORGO APPIO;Grazzanise;CE;;5;49;8
1099F;Fabbricato;BORGO APPIO;Grazzanise;CE;;5;49;13
761F;Fabbricato;S.S. Sannitica 256 Km 26;San Marco Evangelista;CE;;34;5048;
539F;Fabbricato;Viale Carlo III p. t.;San Nicola la Strada;CE;;4;5019;3
540F;Fabbricato;Viale Carlo III p. t. -p. 1 - s. 1;San Nicola la Strada;CE;;4;5019;2
1492F;Fabbricato;Viale Carlo III snc p. 1;San Nicola la Strada;CE;;4;5019;4
113F;Fabbricato;Via Caserta 29 p.t.;Santa Maria Capua Vetere;CE;;5;351;1
133F;Fabbricato;Via Caserta, 29 (p. t.);Santa Maria Capua Vetere;CE;;5;351;2
168F;Fabbricato;Via Caserta, 29 (p. t.);Santa Maria Capua Vetere;CE;;5;351;3
174F;Fabbricato;Via Caserta, 29 (p. 1.);Santa Maria Capua Vetere;CE;;5;351;4
175F;Fabbricato;Via Caserta, 29 (p. t.);Santa Maria Capua Vetere;CE;;5;351;5
176F;Fabbricato;Via Caserta, 29 (p. t.);Santa Maria Capua Vetere;CE;;5;352;
1444F;Fabbricato;Via Vicinale Pantano (zona ASI);Acerra;NA;;13;903;1
546F;Fabbricato;Via Vittorio Emanuele, 42;Barano D'Ischia;NA;;20;342;
586F;Fabbricato;Via Iasolino, 1, piano T;Ischia;NA;;4;134;1
587F;Fabbricato;Via Porto, piano T;Ischia;NA;;4;134;2
116F;Fabbricato;Via Arenella, 104;Napoli;NA;AVV;5;152;1
121F;Fabbricato;Piazza Mascagni- Stadio Collana -;Napoli;NA;AVV;13;1009;
164F;Fabbricato;Via Roberto Bracco, 15/A scala E p. 4. int. 5 e 6;Napoli;NA;SGU;2;60;119
195F;Fabbricato;Via Partenope, 5;Napoli;NA;SFE;3;256;19
199F;Fabbricato;Via Santa Teresa degli Scalzi, 36;Napoli;NA;STE;6;299;1
222F;Fabbricato;Via Don Bosco, 9/E ;Napoli;NA;SCA;19;317;2
224F;Fabbricato;Via Don Bosco, 9/E Fabbricato A p. t;Napoli;NA;SCA;19;317;4
226F;Fabbricato;Via Generale Orsini, 46;Napoli;NA;SFE;4;51;36
271F;Fabbricato;Via Alcide de Gasperi;Napoli;NA;POR;2;293;
311F;Fabbricato;Via Tansillo, 28;Napoli;NA;CHI;8;599;
365F;Fabbricato;Via A. Depretis, 130;Napoli;NA;POR;2;93;14
366F;Fabbricato;Via A. Depretis, 130;Napoli;NA;POR;2;93;11
368F;Fabbricato;Via Pietro Metastasio, 25/29;Napoli;NA;CHI;8;66;1
473F;Fabbricato;Via A. Depretis, 130;Napoli;NA;POR;2;93;12
493F;Fabbricato;Via Rossetti - Fuorigrotta;Napoli;NA;CHI;207;931;
495F;Fabbricato;Via Don Bosco, 9/E ;Napoli;NA;SCA;19;317;8
729F;Fabbricato;Via Marchese Campodisola, 21;Napoli;NA;POR;2;223;
737F;Fabbricato;Via S.Lucia 81;Napoli;NA;SFE;4;40;101
739F;Fabbricato;Via Luigi Settembrini 79;Napoli;NA;SLO;2;1;5
743F;Fabbricato;Via S.Lucia n.83;Napoli;NA;SFE;4;40;2
744F;Fabbricato;Via S.Lucia n.85;Napoli;NA;SFE;4;40;3
745F;Fabbricato;Via Marino Turchi n.87;Napoli;NA;SFE;4;40;4
746F;Fabbricato;Via Marino Turchi n.3;Napoli;NA;SFE;4;40;5
747F;Fabbricato;Via Marino Turchi n.13;Napoli;NA;SFE;4;40;15
748F;Fabbricato;Via Marino Turchi n.15;Napoli;NA;SFE;4;40;16
749F;Fabbricato;Via Generale Orsini n. 17;Napoli;NA;SFE;4;40;17
750F;Fabbricato;Via Generale Orsini n. 19 - 21 - 23;Napoli;NA;SFE;4;40;18
752F;Fabbricato;Via Marino Turchi n. 11A - 11B;Napoli;NA;SFE;4;40;20
753F;Fabbricato;Via Raffaele De Cesare n. 18 - 20;Napoli;NA;SFE;4;40;21
754F;Fabbricato;Via Raffaele De Cesare n. 2-4-6-8;Napoli;NA;SFE;4;40;23
756F;Fabbricato;Via Marino Turchi n. 5;Napoli;NA;SFE;4;40;24
757F;Fabbricato;Via Marino Turchi n. 7;Napoli;NA;SFE;4;40;25
760F;Fabbricato;Via Generale Orsini n. 25;Napoli;NA;SFE;4;40;103
1119F;Fabbricato;PARCO COMOLA RICCI;Napoli;NA;CHI;38;168;1
1120F;Fabbricato;PARCO COMOLA RICCI;Napoli;NA;CHI;38;168;13
1121F;Fabbricato;PARCO COMOLA RICCI;Napoli;NA;CHI;38;169;1
1122F;Fabbricato;PARCO COMOLA RICCI;Napoli;NA;CHI;38;172;1
1123F;Fabbricato;PARCO COMOLA RICCI;Napoli;NA;CHI;38;172;2
1124F;Fabbricato;PARCO COMOLA RICCI;Napoli;NA;CHI;38;172;3
1125F;Fabbricato;PARCO COMOLA RICCI;Napoli;NA;CHI;38;172;4
1126F;Fabbricato;PARCO COMOLA RICCI;Napoli;NA;CHI;38;172;5
1127F;Fabbricato;PARCO COMOLA RICCI;Napoli;NA;CHI;38;172;18
1128F;Fabbricato;PARCO COMOLA RICCI;Napoli;NA;CHI;38;172;19
1129F;Fabbricato;PARCO COMOLA RICCI;Napoli;NA;CHI;38;172;7
1130F;Fabbricato;PARCO COMOLA RICCI;Napoli;NA;CHI;38;172;8
1461F;Fabbricato;Via Strettoia Santa Teresa degli Scalzi n. 1 e n. 2;Napoli;NA;STE;6;300;
388F;Fabbricato;Via A. Segni, 18;Pompei;NA;;9;18;1
1251F;Fabbricato;Piazzale E. Fermi;Portici;NA;;7;450;
1252F;Fabbricato;Piazzale E. Fermi;Portici;NA;;7;460;
1253F;Fabbricato;Piazzale E. Fermi;Portici;NA;;7;446;
1368F;Fabbricato;Via dei Platani, 2;Pozzuoli;NA;;91;48;1
1373F;Fabbricato;Largo Opera Nazionale Combattenti;Pozzuoli;NA;;91;43;1
1374F;Fabbricato;Largo Opera Nazionale Combattenti;Pozzuoli;NA;;91;43;2
1390F;Fabbricato;Largo Opera Nazionale Combattenti;Pozzuoli;NA;;91;442;1
1418F;Fabbricato;Via Fosso;Roccarainola;NA;;3;78;1
1419F;Fabbricato;Via Fosso;Roccarainola;NA;;3;79;1
316F;Fabbricato;Largo Riscatto Baronale;Torre del Greco;NA;;11;690;
613F;Fabbricato;Via Poli, 29, piano 2, int. 5;Roma;RM;;478;193;507
814F;Fabbricato;BORGO S. CESAREO;Albanella;SA;;2;141;
827F;Fabbricato;BORGO S. CESAREO;Albanella;SA;;2;332;
402F;Fabbricato;Via Belvedere Statale 18;Battipaglia;SA;;25;193/P;
871F;Fabbricato;VIA BELVEDERE;Battipaglia;SA;;25;200;
872F;Fabbricato;VIA BELVEDERE, 10;Battipaglia;SA;;25;736;
898F;Fabbricato;FASANARA;Battipaglia;SA;;4;163;1
899F;Fabbricato;FASANARA;Battipaglia;SA;;4;A;2
952F;Fabbricato;GROMOLA;Capaccio;SA;;11;451;2
953F;Fabbricato;GROMOLA;Capaccio;SA;;11;451;3
1412F;Fabbricato;contrada ISCA snc;Ceraso;SA;;11;155;1
722F;Fabbricato;Via Nazionale;Eboli;SA;;47;A;
725F;Fabbricato;Borgo Cioffi piano T - Scala A;Eboli;SA;;51;126;1
726F;Fabbricato;Borgo Cioffi piano T - Scala B;Eboli;SA;;51;126;2
727F;Fabbricato;Località Cioffi piano T - 1;Eboli;SA;;51;127;
728F;Fabbricato;Località Cioffi piano T - 1;Eboli;SA;;51;129;
864F;Fabbricato;BORGO CIOFFI;Eboli;SA;;51;553;
937F;Fabbricato;AVERSANA;Eboli;SA;;46;A;
1076F;Fabbricato;TORRE DELLE BARRIATE;Eboli;SA;;59;158;
1088F;Fabbricato;FIOCCHE;Eboli;SA;;49;50;
1452F;Fabbricato;Località Cioffi ;Eboli;SA;;51;927;3
1462F;Fabbricato;via Nazionale snc;Eboli;SA;;47;11;5
1463F;Fabbricato;via Nazionale snc;Eboli;SA;;47;1138;1
1464F;Fabbricato;via Nazionale snc;Eboli;SA;;47;1048;3
1465F;Fabbricato;via Nazionale snc;Eboli;SA;;47;1050;5
1466F;Fabbricato;via Nazionale snc;Eboli;SA;;47;1051;2
317F;Fabbricato;Via Solimena;Nocera Inferiore;SA;;18;381;
542F;Fabbricato;Foresta Mandria - Cuponi loc. Casone;Sala Consilina;SA;;23;46;
763F;Fabbricato;Contrada Barca;Sala Consilina;SA;;9;604;
1401F;Fabbricato;Foresta Mandria - località Cuponi;Sala Consilina;SA;;4;121;2
1402F;Fabbricato;Foresta Mandria - località Cuponi;Sala Consilina;SA;;4;121;3
90F;Fabbricato;Via Lungomare Trieste,7 p. 1.;Salerno;SA;;64;2044;2
114F;Fabbricato;Via dei Carrari, 23 piano T e 1;Salerno;SA;;45;111;
312F;Fabbricato;Traversa Pasquale Naddeo nn.12-14-20 ex Via Parmenide Ricci 33;Salerno;SA;;68;10;8
313F;Fabbricato;Via Parmenide Ricci, 31 ex Via Luigi Cacciatore, 31;Salerno;SA;;68;10;9
314F;Fabbricato;Via Nizza, 134 (Deposito mensa);Salerno;SA;;68;10;25
367F;Fabbricato;Via Luigi Cacciatore p. t;Salerno;SA;;68;10;10
610F;Fabbricato;Via Porto/Sabatini, 2 p.t.;Salerno;SA;;64;1680;3
611F;Fabbricato;Via Porto, 2 e 4 p.:T-1-2--4-5;Salerno;SA;;64;1680;5
1133F;Fabbricato;VIA ABELLA SALERNITANA;Salerno;SA;;70;14;37
1134F;Fabbricato;VIA ABELLA SALERNITANA, n. 3 Piano I, sc. B, int 6;Salerno;SA;;70;14;38
1135F;Fabbricato;VIA ABELLA SALERNITANA;Salerno;SA;;70;14;54
1493F;Fabbricato;Via Generale Clark, n. 5 piano: T;Salerno;SA;;44;891;2
1494F;Fabbricato;"Via Generale Clark, n. 5 piano: T;";Salerno;SA;;44;891
1495F;Fabbricato;"Via Generale Clark, n. 5 piano: T;";Salerno;SA;;44;891
1496F;Fabbricato;"Via Generale Clark, n. 5 piano: T;";Salerno;SA;;44;891
1497F;Fabbricato;"Via Generale Clark, n. 5 piano: T-1-2;";Salerno;SA;;44;891
1498F;Fabbricato;"Via Generale Clark, n. 5 piano: T-1;";Salerno;SA;;44;891
1499F;Fabbricato;"Via Generale Clark, n. 5 piano: T-1;";Salerno;SA;;44;891
543F;Fabbricato;Foresta Cerreta - Cognole - Vesolo;Sanza;SA;;7;57;
1472F;Fabbricato;Via Provinciale Sarno Striano, p. T-1;Sarno;SA;;18;3046;1
947F;Fabbricato;BORGO S. LAZZARO;Serre;SA;;16;94;
1141F;Fabbricato;BORGO S. LAZZARO;Serre;SA;;16;92;4
1149F;Fabbricato;BORGO S. LAZZARO;Serre;SA;;16;93;
143T;Terreno;;Sanza;SA;;5;4;
144T;Terreno;;Sanza;SA;;5;27;
145T;Terreno;;Sanza;SA;;5;29;
146T;Terreno;;Sanza;SA;;5;30;
147T;Terreno;;Sanza;SA;;5;31;
148T;Terreno;;Sanza;SA;;5;32;
149T;Terreno;;Sanza;SA;;6;1;
150T;Terreno;;Sanza;SA;;6;2;
151T;Terreno;;Sanza;SA;;6;3;
152T;Terreno;;Sanza;SA;;6;7;
153T;Terreno;;Sanza;SA;;6;8;
154T;Terreno;;Sanza;SA;;6;9;
155T;Terreno;;Sanza;SA;;7;1;
156T;Terreno;;Sanza;SA;;7;2;
157T;Terreno;;Sanza;SA;;7;3;
158T;Terreno;;Sanza;SA;;7;4;
159T;Terreno;;Sanza;SA;;7;5;
160T;Terreno;;Sanza;SA;;7;7;
161T;Terreno;;Sanza;SA;;7;8;
162T;Terreno;;Sanza;SA;;7;9;
163T;Terreno;;Sanza;SA;;7;10;
164T;Terreno;;Sanza;SA;;7;11;
165T;Terreno;;Sanza;SA;;7;12;
166T;Terreno;;Sanza;SA;;7;13;
167T;Terreno;;Sanza;SA;;7;14;
168T;Terreno;;Sanza;SA;;7;17;
169T;Terreno;;Sanza;SA;;7;18;
170T;Terreno;;Sanza;SA;;7;22;
171T;Terreno;;Sanza;SA;;7;23;
172T;Terreno;;Sanza;SA;;7;24;
174T;Terreno;;Sanza;SA;;7;31;
175T;Terreno;;Sanza;SA;;8;1;
176T;Terreno;;Sanza;SA;;8;2;
177T;Terreno;;Sanza;SA;;8;3;
178T;Terreno;;Sanza;SA;;8;4;
179T;Terreno;;Sanza;SA;;8;6;
180T;Terreno;;Sanza;SA;;8;7;
181T;Terreno;;Sanza;SA;;8;8;
182T;Terreno;;Sanza;SA;;8;9;
183T;Terreno;;Sanza;SA;;8;10;
184T;Terreno;;Sanza;SA;;8;11;
185T;Terreno;;Sanza;SA;;8;12;
186T;Terreno;;Sanza;SA;;8;13;
187T;Terreno;;Sanza;SA;;8;14;
188T;Terreno;;Sanza;SA;;8;15;
189T;Terreno;;Sanza;SA;;8;16;
190T;Terreno;;Sanza;SA;;8;17;
191T;Terreno;;Sanza;SA;;8;18;
192T;Terreno;;Sanza;SA;;8;26;
193T;Terreno;;Sanza;SA;;9;103;
194T;Terreno;;Sanza;SA;;9;128;
195T;Terreno;;Sanza;SA;;9;141;
196T;Terreno;;Sanza;SA;;9;157;
197T;Terreno;;Sanza;SA;;9;158;
198T;Terreno;;Sanza;SA;;50;3;
199T;Terreno;;Sanza;SA;;50;4;
200T;Terreno;;Sanza;SA;;50;5;
201T;Terreno;;Sanza;SA;;50;8;
202T;Terreno;;Sanza;SA;;50;9;
203T;Terreno;;Sanza;SA;;50;13;
204T;Terreno;;Sanza;SA;;50;14;
205T;Terreno;;Sanza;SA;;50;15;
206T;Terreno;;Sanza;SA;;50;16;
207T;Terreno;;Sanza;SA;;50;17;
208T;Terreno;;Sanza;SA;;50;18;
209T;Terreno;;Sanza;SA;;50;19;
210T;Terreno;;Sanza;SA;;50;20;
211T;Terreno;;Sanza;SA;;50;21;
212T;Terreno;;Sanza;SA;;50;22;
213T;Terreno;;Sanza;SA;;50;23;
504T;Terreno;;Villa Literno;CE;;54;31;
505T;Terreno;;Villa Literno;CE;;54;32;
506T;Terreno;;Villa Literno;CE;;54;33;
507T;Terreno;;Villa Literno;CE;;54;34;
509T;Terreno;;Villa Literno;CE;;54;36;
513T;Terreno;;Cava de' Tirreni;SA;;16;1111;
514T;Terreno;;Campagna;SA;;33;5;
515T;Terreno;;Campagna;SA;;33;6;
516T;Terreno;;Campagna;SA;;33;9;
517T;Terreno;;Campagna;SA;;33;10;
518T;Terreno;;Campagna;SA;;33;11;
519T;Terreno;;Campagna;SA;;55;2;
520T;Terreno;;Campagna;SA;;55;36;
521T;Terreno;;Casalbuono;SA;;1;347;
522T;Terreno;;Casalbuono;SA;;1;348;
523T;Terreno;;Casalbuono;SA;;1;349;
524T;Terreno;;Casalbuono;SA;;1;350;
525T;Terreno;;Sala Consilina;SA;;4;1;
526T;Terreno;;Sala Consilina;SA;;4;2;
527T;Terreno;;Sala Consilina;SA;;4;3;
528T;Terreno;;Sala Consilina;SA;;4;4;
529T;Terreno;;Sala Consilina;SA;;4;120;
530T;Terreno;;Sala Consilina;SA;;4;6;
531T;Terreno;;Sala Consilina;SA;;4;7;
532T;Terreno;;Sala Consilina;SA;;4;10;
533T;Terreno;;Sala Consilina;SA;;4;11;
534T;Terreno;;Sala Consilina;SA;;4;12;
535T;Terreno;;Sala Consilina;SA;;4;13;
536T;Terreno;;Sala Consilina;SA;;4;14;
537T;Terreno;;Sala Consilina;SA;;4;15;
538T;Terreno;;Sala Consilina;SA;;4;18;
539T;Terreno;;Sala Consilina;SA;;4;19;
540T;Terreno;;Sala Consilina;SA;;4;21;
541T;Terreno;;Sala Consilina;SA;;4;26;
542T;Terreno;;Sala Consilina;SA;;4;27;
543T;Terreno;;Sala Consilina;SA;;4;32;
544T;Terreno;;Sala Consilina;SA;;4;33;
545T;Terreno;;Sala Consilina;SA;;4;35;
546T;Terreno;;Sala Consilina;SA;;4;36;
547T;Terreno;;Sala Consilina;SA;;4;44;
548T;Terreno;;Sala Consilina;SA;;4;48;
549T;Terreno;;Sala Consilina;SA;;4;49;
550T;Terreno;;Sala Consilina;SA;;4;51;
551T;Terreno;;Sala Consilina;SA;;4;55;
552T;Terreno;;Sala Consilina;SA;;4;56;
553T;Terreno;;Sala Consilina;SA;;4;95;
554T;Terreno;;Sala Consilina;SA;;4;96;
555T;Terreno;;Sala Consilina;SA;;4;97;
556T;Terreno;;Sala Consilina;SA;;4;98;
557T;Terreno;;Sala Consilina;SA;;4;99;
558T;Terreno;;Sala Consilina;SA;;5;1;
559T;Terreno;;Sala Consilina;SA;;5;2;
560T;Terreno;;Sala Consilina;SA;;5;8;
561T;Terreno;;Sala Consilina;SA;;5;10;
562T;Terreno;;Sala Consilina;SA;;5;14;
563T;Terreno;;Sala Consilina;SA;;5;16;
564T;Terreno;;Sala Consilina;SA;;5;17;
565T;Terreno;;Sala Consilina;SA;;5;18;
566T;Terreno;;Sala Consilina;SA;;5;19;
567T;Terreno;;Sala Consilina;SA;;5;20;
568T;Terreno;;Sala Consilina;SA;;5;21;
569T;Terreno;;Sala Consilina;SA;;5;22;
570T;Terreno;;Sala Consilina;SA;;5;23;
571T;Terreno;;Sala Consilina;SA;;5;24;
572T;Terreno;;Sala Consilina;SA;;5;25;
573T;Terreno;;Sala Consilina;SA;;8;1;
574T;Terreno;;Sala Consilina;SA;;8;3;
575T;Terreno;;Sala Consilina;SA;;22;1;
576T;Terreno;;Sala Consilina;SA;;22;2;
577T;Terreno;;Sala Consilina;SA;;22;3;
578T;Terreno;;Sala Consilina;SA;;22;4;
579T;Terreno;;Sala Consilina;SA;;22;5;
580T;Terreno;;Sala Consilina;SA;;22;15;
581T;Terreno;;Sala Consilina;SA;;22;16;
582T;Terreno;;Sala Consilina;SA;;22;17;
583T;Terreno;;Sala Consilina;SA;;22;21;
584T;Terreno;;Sala Consilina;SA;;23;1;
585T;Terreno;;Sala Consilina;SA;;23;2;
586T;Terreno;;Sala Consilina;SA;;23;3;
587T;Terreno;;Sala Consilina;SA;;23;4;
588T;Terreno;;Sala Consilina;SA;;23;5;
589T;Terreno;;Sala Consilina;SA;;23;6;
590T;Terreno;;Sala Consilina;SA;;23;7;
591T;Terreno;;Sala Consilina;SA;;23;8;
592T;Terreno;;Sala Consilina;SA;;23;9;
593T;Terreno;;Sala Consilina;SA;;23;10;
596T;Terreno;;Sala Consilina;SA;;23;13;
597T;Terreno;;Sala Consilina;SA;;23;14;
598T;Terreno;;Sala Consilina;SA;;23;18;
599T;Terreno;;Sala Consilina;SA;;23;21;
600T;Terreno;;Sala Consilina;SA;;32;14;
601T;Terreno;;Sala Consilina;SA;;32;16;
602T;Terreno;;Sala Consilina;SA;;32;17;
653T;Terreno;;Sant'Andrea di Conza;AV;;2;130;
654T;Terreno;;Sant'Andrea di Conza;AV;;2;211;
655T;Terreno;;Guardia Lombardi;AV;;48;14;
656T;Terreno;;Guardia Lombardi;AV;;48;69;
657T;Terreno;;Guardia Lombardi;AV;;48;78;
659T;Terreno;;Guardia Lombardi;AV;;48;205;
660T;Terreno;;Guardia Lombardi;AV;;48;34;
661T;Terreno;;Guardia Lombardi;AV;;48;80;
663T;Terreno;;Altavilla Irpina;AV;;2;372;
664T;Terreno;;Altavilla Irpina;AV;;2;410;
665T;Terreno;;Altavilla Irpina;AV;;2;482;
666T;Terreno;;Altavilla Irpina;AV;;2;483;
667T;Terreno;;Altavilla Irpina;AV;;2;484;
668T;Terreno;;Sant'Angelo dei Lombardi;AV;;22;3;
669T;Terreno;;Sant'Angelo dei Lombardi;AV;;22;4;
670T;Terreno;;Sant'Angelo dei Lombardi;AV;;22;416;
671T;Terreno;;Sant'Angelo dei Lombardi;AV;;22;417;
672T;Terreno;;Guardia Lombardi;AV;;48;25;
673T;Terreno;;Guardia Lombardi;AV;;48;26;
674T;Terreno;;Guardia Lombardi;AV;;48;27;
675T;Terreno;;Guardia Lombardi;AV;;48;28;
676T;Terreno;;Guardia Lombardi;AV;;48;229;
677T;Terreno;;Guardia Lombardi;AV;;48;29;
678T;Terreno;;Guardia Lombardi;AV;;48;31;
679T;Terreno;;Guardia Lombardi;AV;;48;33;
680T;Terreno;;Sant'Angelo dei Lombardi;AV;;22;5;
887T;Terreno;;Roccarainola;NA;;1;2;
888T;Terreno;;Roccarainola;NA;;2;1;
889T;Terreno;;Roccarainola;NA;;2;2;
890T;Terreno;;Roccarainola;NA;;2;3;
891T;Terreno;;Roccarainola;NA;;3;1;
893T;Terreno;;Roccarainola;NA;;3;20;
894T;Terreno;;Roccarainola;NA;;4;1;
895T;Terreno;;Roccarainola;NA;;4;2;
896T;Terreno;;Roccarainola;NA;;5;3;
897T;Terreno;;Roccarainola;NA;;5;6;
898T;Terreno;;Roccarainola;NA;;6;1;
899T;Terreno;;Roccarainola;NA;;6;3;
900T;Terreno;;Roccarainola;NA;;8;1;
901T;Terreno;;Roccarainola;NA;;9;1;
902T;Terreno;;Roccarainola;NA;;9;2;
903T;Terreno;;Roccarainola;NA;;11;12;
904T;Terreno;;Roccarainola;NA;;11;19;
905T;Terreno;;Roccarainola;NA;;12;1;
906T;Terreno;;Roccarainola;NA;;13;1;
907T;Terreno;;Roccarainola;NA;;13;2;
908T;Terreno;;Roccarainola;NA;;13;3;
909T;Terreno;;Roccarainola;NA;;23;1;
910T;Terreno;;Roccarainola;NA;;24;1;
1324T;Terreno;;Airola;BN;;3;1;
1325T;Terreno;;Airola;BN;;3;2;
1326T;Terreno;;Airola;BN;;3;4;
1327T;Terreno;;Airola;BN;;3;254;
1328T;Terreno;;Airola;BN;;3;376;
1329T;Terreno;;Airola;BN;;3;378;
1330T;Terreno;;Airola;BN;;3;377;
1331T;Terreno;;Bucciano;BN;;2;1;
1332T;Terreno;;Bucciano;BN;;3;1;
1334T;Terreno;;Bucciano;BN;;7;21;
1335T;Terreno;;Bucciano;BN;;8;103;
1336T;Terreno;;Bonea;BN;;1;1;
1337T;Terreno;;Bonea;BN;;1;49;
1338T;Terreno;;Bonea;BN;;1;80;
1339T;Terreno;;Bonea;BN;;3;1;
1340T;Terreno;;Bonea;BN;;3;2;
1341T;Terreno;;Tocco Caudio;BN;;10;5;
1342T;Terreno;;Tocco Caudio;BN;;10;162;
1343T;Terreno;;Tocco Caudio;BN;;10;163;
1345T;Terreno;;Tocco Caudio;BN;;10;165;
1346T;Terreno;;Tocco Caudio;BN;;10;166;
1347T;Terreno;;Tocco Caudio;BN;;10;167;
1348T;Terreno;;Tocco Caudio;BN;;10;169;
1349T;Terreno;;Montesarchio;BN;;1;2;
1350T;Terreno;;Montesarchio;BN;;1;147;
1351T;Terreno;;Montesarchio;BN;;1;148;
1458T;Terreno;;Montesano sulla Marcellana;SA;;55;43;
1460T;Terreno;;Montesano sulla Marcellana;SA;;56;16;
1461T;Terreno;;Montesano sulla Marcellana;SA;;56;18;
1462T;Terreno;;Montesano sulla Marcellana;SA;;56;19;
1463T;Terreno;;Montesano sulla Marcellana;SA;;56;20;
1464T;Terreno;;Montesano sulla Marcellana;SA;;56;21;
1466T;Terreno;;Montesarchio;BN;;18;64;
1467T;Terreno;;Montesarchio;BN;;18;212;
1678T;Terreno;;Villa Literno;CE;;54;6;
1679T;Terreno;;Montesano sulla Marcellana;SA;;56;86;
1762T;Terreno;;Montesano sulla Marcellana;SA;;56;13;
1763T;Terreno;;Montesano sulla Marcellana;SA;;56;14;
1764T;Terreno;;Montesano sulla Marcellana;SA;;56;15;
1765T;Terreno;;Montesano sulla Marcellana;SA;;56;22;
1766T;Terreno;;Montesano sulla Marcellana;SA;;56;84;
1767T;Terreno;;Montesano sulla Marcellana;SA;;56;85;
1768T;Terreno;;Guardia Lombardi;AV;;48;12;
1769T;Terreno;;Guardia Lombardi;AV;;48;13;
1770T;Terreno;;Guardia Lombardi;AV;;48;198;
1771T;Terreno;;Guardia Lombardi;AV;;48;199;
1772T;Terreno;;Guardia Lombardi;AV;;48;77;
1773T;Terreno;;Guardia Lombardi;AV;;48;32;
1774T;Terreno;;Guardia Lombardi;AV;;48;30;
1870T;Terreno;;Pozzuoli;NA;;35;1;
1873T;Terreno;;Pozzuoli;NA;;35;5;
1874T;Terreno;;Pozzuoli;NA;;35;6;
1875T;Terreno;;Pozzuoli;NA;;35;7;
2581T;Terreno;;Bonea;BN;;1;78;
2582T;Terreno;;Bonea;BN;;1;79;
2585T;Terreno;;Airola;BN;;3;258;
2589T;Terreno;;Ercolano;NA;;18;219;
2591T;Terreno;;Ercolano;NA;;18;223;
2592T;Terreno;;Ercolano;NA;;18;224;
2593T;Terreno;;Carinola;CE;;47;118;
2594T;Terreno;;Carinola;CE;;88;50;
2595T;Terreno;;Sant'Angelo dei Lombardi;AV;;22;2;
2596T;Terreno;;Guardia Lombardi;AV;;48;5;
2597T;Terreno;;Sant'Angelo dei Lombardi;AV;;22;544;
2735T;Terreno;;Pozzuoli;NA;;21;312;
2736T;Terreno;;Pozzuoli;NA;;21;252;
2737T;Terreno;;Pozzuoli;NA;;21;274;
2738T;Terreno;;Pozzuoli;NA;;21;275;
2739T;Terreno;;Pozzuoli;NA;;21;276;
2740T;Terreno;;Pozzuoli;NA;;21;254;
2741T;Terreno;;Pozzuoli;NA;;21;250;
2742T;Terreno;;Pozzuoli;NA;;21;248;
2743T;Terreno;;Pozzuoli;NA;;21;26;
2756T;Terreno;;Bisaccia;AV;;55;228;
3150T;Terreno;;Pratola Serra;AV;;6;471;
3151T;Terreno;;Pratola Serra;AV;;6;470;
3152T;Terreno;;Pratola Serra;AV;;6;472;
3153T;Terreno;;Pratola Serra;AV;;6;473;
3154T;Terreno;;Pratola Serra;AV;;6;474;
3155T;Terreno;;Pratola Serra;AV;;6;476;
3156T;Terreno;;Pratola Serra;AV;;6;477;
3157T;Terreno;;Pratola Serra;AV;;6;478;
3158T;Terreno;;Pratola Serra;AV;;6;17;
3159T;Terreno;;Pratola Serra;AV;;6;30;
3160T;Terreno;;Pratola Serra;AV;;6;220;
3161T;Terreno;;Pratola Serra;AV;;2;601;
3162T;Terreno;;Pratola Serra;AV;;2;602;
3163T;Terreno;;Pratola Serra;AV;;2;606;
3164T;Terreno;;Pratola Serra;AV;;2;607;
3165T;Terreno;;Pratola Serra;AV;;2;603;
3166T;Terreno;;Pratola Serra;AV;;2;604;
3167T;Terreno;;Pratola Serra;AV;;2;605;
3168T;Terreno;;Pratola Serra;AV;;2;599;
3169T;Terreno;;Pratola Serra;AV;;2;598;
3170T;Terreno;;Pratola Serra;AV;;2;597;
3172T;Terreno;;Pratola Serra;AV;;2;594;
3173T;Terreno;;Pratola Serra;AV;;2;595;
3174T;Terreno;;Pratola Serra;AV;;2;609;
3175T;Terreno;;Pratola Serra;AV;;2;608;
3176T;Terreno;;Pratola Serra;AV;;8;700;
3177T;Terreno;;Pratola Serra;AV;;8;685;
3178T;Terreno;;Pratola Serra;AV;;8;684;
3179T;Terreno;;Pratola Serra;AV;;8;683;
3180T;Terreno;;Pratola Serra;AV;;8;682;
3181T;Terreno;;Pratola Serra;AV;;8;681;
3182T;Terreno;;Pratola Serra;AV;;8;680;
3183T;Terreno;;Pratola Serra;AV;;8;697;
3184T;Terreno;;Pratola Serra;AV;;8;696;
3185T;Terreno;;Pratola Serra;AV;;8;695;
3186T;Terreno;;Pratola Serra;AV;;8;694;
3187T;Terreno;;Pratola Serra;AV;;8;693;
3188T;Terreno;;Pratola Serra;AV;;8;692;
3189T;Terreno;;Pratola Serra;AV;;8;691;
3190T;Terreno;;Pratola Serra;AV;;8;690;
3191T;Terreno;;Pratola Serra;AV;;8;689;
3192T;Terreno;;Pratola Serra;AV;;8;688;
3193T;Terreno;;Pratola Serra;AV;;8;687;
3194T;Terreno;;Pratola Serra;AV;;8;686;
3195T;Terreno;;Pratola Serra;AV;;6;29;
3196T;Terreno;;Prata di principato Ultra;AV;;13;227;
3197T;Terreno;;Prata di Principato Ultra;AV;;13;230;
3198T;Terreno;;Prata di Principato Ultra;AV;;13;234;
3199T;Terreno;;Prata di Principato Ultra;AV;;13;233;
3200T;Terreno;;Prata di Principato Ultra;AV;;13;231;
3202T;Terreno;;Prata di Principato Ultra;AV;;13;223;
3203T;Terreno;;Prata di Principato Ultra;AV;;13;224;
3204T;Terreno;;Prata di Principato Ultra;AV;;13;225;
3205T;Terreno;;Prata di Principato Ultra;AV;;13;222;
3206T;Terreno;;Prata di Principato Ultra;AV;;13;226;
3207T;Terreno;;Prata di Principato Ultra;AV;;13;100;
3208T;Terreno;;Prata di Principato Ultra;AV;;13;206;
3209T;Terreno;;Prata di Principato Ultra;AV;;13;219;
3210T;Terreno;;Prata di Principato Ultra;AV;;13;212;
3211T;Terreno;;Prata di Principato Ultra;AV;;13;213;
3212T;Terreno;;Prata di Principato Ultra;AV;;13;216;
3213T;Terreno;;Prata di Principato Ultra;AV;;13;217;
3214T;Terreno;;Prata di Principato Ultra;AV;;13;221;
3215T;Terreno;;Prata di Principato Ultra;AV;;13;218;
3216T;Terreno;;Prata di Principato Ultra;AV;;13;202;
3217T;Terreno;;Prata di Principato Ultra;AV;;13;203;
3218T;Terreno;;Prata di Principato Ultra;AV;;13;214;
3219T;Terreno;;Prata di Principato Ultra;AV;;13;209;
3220T;Terreno;;Prata di Principato Ultra;AV;;13;210;
3221T;Terreno;;Prata di Principato Ultra;AV;;13;215;
3222T;Terreno;;Prata di Principato Ultra;AV;;13;204;
3223T;Terreno;;Prata di Principato Ultra;AV;;13;205;
3224T;Terreno;;Prata di Principato Ultra;AV;;13;207;
3225T;Terreno;;Prata di Principato Ultra;AV;;13;208;
3226T;Terreno;;Prata di Principato Ultra;AV;;13;201;
3227T;Terreno;;Prata di Principato Ultra;AV;;13;196;
3228T;Terreno;;Prata di Principato Ultra;AV;;13;195;
3229T;Terreno;;Prata di Principato Ultra;AV;;13;194;
3230T;Terreno;;Prata di Principato Ultra;AV;;13;193;
3231T;Terreno;;Prata di Principato Ultra;AV;;11;828;
3232T;Terreno;;Prata di Principato Ultra;AV;;12;494;
3233T;Terreno;;Prata di Principato Ultra;AV;;12;495;
3234T;Terreno;;Prata di Principato Ultra;AV;;12;489;
3235T;Terreno;;Prata di Principato Ultra;AV;;12;488;
3236T;Terreno;;Prata di Principato Ultra;AV;;12;492;
3237T;Terreno;;Prata di Principato Ultra;AV;;12;493;
3238T;Terreno;;Prata di Principato Ultra;AV;;12;491;
3239T;Terreno;;Prata di Principato Ultra;AV;;12;490;
3240T;Terreno;;Prata di Principato Ultra;AV;;12;487;
3241T;Terreno;;Prata di Principato Ultra;AV;;12;486;
3242T;Terreno;;Prata di Principato Ultra;AV;;12;485;
3243T;Terreno;;Prata di Principato Ultra;AV;;12;484;
3244T;Terreno;;Prata di Principato Ultra;AV;;12;482;
3245T;Terreno;;Prata di Principato Ultra;AV;;12;481;
3246T;Terreno;;Prata di Principato Ultra;AV;;12;478;
3247T;Terreno;;Prata di Principato Ultra;AV;;12;480;
3248T;Terreno;;Prata di Principato Ultra;AV;;12;479;
3249T;Terreno;;Prata di Principato Ultra;AV;;12;496;
3250T;Terreno;;Prata di Principato Ultra;AV;;12;509;
3251T;Terreno;;Prata di Principato Ultra;AV;;12;510;
3252T;Terreno;;Prata di Principato Ultra;AV;;12;513;
3253T;Terreno;;Prata di Principato Ultra;AV;;12;512;
3254T;Terreno;;Prata di Principato Ultra;AV;;12;511;
3255T;Terreno;;Prata di Principato Ultra;AV;;12;505;
3256T;Terreno;;Prata di Principato Ultra;AV;;12;497;
3257T;Terreno;;Prata di Principato Ultra;AV;;12;498;
3258T;Terreno;;Prata di Principato Ultra;AV;;12;500;
3259T;Terreno;;Prata di Principato Ultra;AV;;12;503;
3260T;Terreno;;Prata di Principato Ultra;AV;;12;504;
3261T;Terreno;;Prata di Principato Ultra;AV;;12;506;
3262T;Terreno;;Prata di Principato Ultra;AV;;12;499;
3263T;Terreno;;Prata di Principato Ultra;AV;;12;501;
3264T;Terreno;;Prata di Principato Ultra;AV;;12;507;
3265T;Terreno;;Prata di Principato Ultra;AV;;12;514;
3266T;Terreno;;Prata di Principato Ultra;AV;;12;515;
3267T;Terreno;;Prata di Principato Ultra;AV;;12;516;
3268T;Terreno;;Prata di Principato Ultra;AV;;12;474;
3269T;Terreno;;Prata di Principato Ultra;AV;;12;475;
3270T;Terreno;;Prata di Principato Ultra;AV;;12;466;
3271T;Terreno;;Prata di Principato Ultra;AV;;12;463;
3272T;Terreno;;Prata di Principato Ultra;AV;;12;476;
3273T;Terreno;;Prata di Principato Ultra;AV;;12;471;
3274T;Terreno;;Prata di Principato Ultra;AV;;12;461;
3275T;Terreno;;Prata di Principato Ultra;AV;;12;460;
3276T;Terreno;;Prata di Principato Ultra;AV;;12;454;
3277T;Terreno;;Prata di Principato Ultra;AV;;12;453;
3278T;Terreno;;Prata di Principato Ultra;AV;;12;464;
3280T;Terreno;;Prata di Principato Ultra;AV;;12;462;
3281T;Terreno;;Prata di Principato Ultra;AV;;12;467;
3282T;Terreno;;Prata di Principato Ultra;AV;;12;470;
3283T;Terreno;;Prata di Principato Ultra;AV;;12;469;
3284T;Terreno;;Prata di Principato Ultra;AV;;12;455;
3285T;Terreno;;Prata di Principato Ultra;AV;;12;459;
3286T;Terreno;;Prata di Principato Ultra;AV;;12;456;
3287T;Terreno;;Prata di Principato Ultra;AV;;12;457;
3288T;Terreno;;Prata di Principato Ultra;AV;;12;458;
3289T;Terreno;;Prata di Principato Ultra;AV;;12;472;
3290T;Terreno;;Prata di Principato Ultra;AV;;12;473;
3291T;Terreno;;Prata di Principato Ultra;AV;;12;441;
3292T;Terreno;;Prata di Principato Ultra;AV;;12;442;
3293T;Terreno;;Prata di Principato Ultra;AV;;12;443;
3294T;Terreno;;Prata di Principato Ultra;AV;;12;438;
3295T;Terreno;;Prata di Principato Ultra;AV;;12;437;
3296T;Terreno;;Prata di Principato Ultra;AV;;12;436;
3297T;Terreno;;Prata di Principato Ultra;AV;;12;439;
3298T;Terreno;;Prata di Principato Ultra;AV;;12;440;
3301T;Terreno;;Prata di Principato Ultra;AV;;12;452;
3302T;Terreno;;Prata di Principato Ultra;AV;;12;451;
3303T;Terreno;;Prata di Principato Ultra;AV;;12;450;
3305T;Terreno;;Prata di Principato Ultra;AV;;12;445;
3306T;Terreno;;Prata di Principato Ultra;AV;;12;446;
3307T;Terreno;;Prata di Principato Ultra;AV;;12;447;
3308T;Terreno;;Prata di Principato Ultra;AV;;12;444;
3309T;Terreno;;Prata di Principato Ultra;AV;;12;226;
3310T;Terreno;;Prata di Principato Ultra;AV;;14;465;
3311T;Terreno;;Prata di Principato Ultra;AV;;14;466;
3312T;Terreno;;Prata di Principato Ultra;AV;;14;467;
3313T;Terreno;;Prata di Principato Ultra;AV;;14;468;
3314T;Terreno;;Prata di Principato Ultra;AV;;14;469;
3315T;Terreno;;Prata di Principato Ultra;AV;;14;491;
3316T;Terreno;;Prata di Principato Ultra;AV;;14;487;
3317T;Terreno;;Prata di Principato Ultra;AV;;14;470;
3318T;Terreno;;Prata di Principato Ultra;AV;;14;471;
3319T;Terreno;;Prata di Principato Ultra;AV;;14;472;
3320T;Terreno;;Prata di Principato Ultra;AV;;14;473;
3321T;Terreno;;Prata di Principato Ultra;AV;;14;490;
3322T;Terreno;;Prata di Principato Ultra;AV;;14;474;
3323T;Terreno;;Prata di Principato Ultra;AV;;14;475;
3324T;Terreno;;Prata di Principato Ultra;AV;;14;476;
3325T;Terreno;;Prata di Principato Ultra;AV;;14;477;
3326T;Terreno;;Prata di Principato Ultra;AV;;14;478;
3327T;Terreno;;Prata di Principato Ultra;AV;;14;479;
3329T;Terreno;;Prata di Principato Ultra;AV;;14;482;
3330T;Terreno;;Prata di Principato Ultra;AV;;14;484;
3331T;Terreno;;Prata di Principato Ultra;AV;;14;485;
3332T;Terreno;;Prata di Principato Ultra;AV;;14;486;
3333T;Terreno;;Prata di Principato Ultra;AV;;14;488;
3334T;Terreno;;Prata di Principato Ultra;AV;;14;480;
3335T;Terreno;;Eboli;SA;;47;1;
3341T;Terreno;;Eboli;SA;;47;14;
3342T;Terreno;;Eboli;SA;;47;15;
3348T;Terreno;;Eboli;SA;;47;34;
3349T;Terreno;;Eboli;SA;;47;119;
3350T;Terreno;;Eboli;SA;;47;120;
3351T;Terreno;;Eboli;SA;;47;121;
3353T;Terreno;;Eboli;SA;;47;128;
3355T;Terreno;;Eboli;SA;;47;267;
3356T;Terreno;;Eboli;SA;;47;419;
3357T;Terreno;;Eboli;SA;;47;420;
3358T;Terreno;;Eboli;SA;;47;451;
3359T;Terreno;;Eboli;SA;;47;452;
3360T;Terreno;;Eboli;SA;;47;458;
3361T;Terreno;;Eboli;SA;;47;461;
3363T;Terreno;;Eboli;SA;;47;25;
3364T;Terreno;;Eboli;SA;;47;47;
3365T;Terreno;;Eboli;SA;;47;48;
3366T;Terreno;;Eboli;SA;;47;49;
3367T;Terreno;;Eboli;SA;;47;58;
3368T;Terreno;;Eboli;SA;;47;59;
3369T;Terreno;;Eboli;SA;;47;60;
3370T;Terreno;;Eboli;SA;;47;61;
3371T;Terreno;;Eboli;SA;;47;62;
3372T;Terreno;;Eboli;SA;;47;63;
3373T;Terreno;;Eboli;SA;;47;64;
3374T;Terreno;;Eboli;SA;;47;65;
3375T;Terreno;;Eboli;SA;;47;66;
3376T;Terreno;;Eboli;SA;;47;68;
3377T;Terreno;;Eboli;SA;;47;118;
3378T;Terreno;;Eboli;SA;;47;125;
3379T;Terreno;;Eboli;SA;;47;129;
3380T;Terreno;;Eboli;SA;;47;134;
3381T;Terreno;;Sala Consilina;SA;;9;603;
3382T;Terreno;;Pozzuoli;NA;;42;52;
3383T;Terreno;;Pozzuoli;NA;;42;54;
3384T;Terreno;;Pozzuoli;NA;;42;167;
3508T;Terreno;;Nola;NA;;17;166;
3509T;Terreno;;Nola;NA;;17;750;
3510T;Terreno;;Castellammare di Stabia;NA;;18;140;
3511T;Terreno;;Castellammare di Stabia;NA;;18;208;
3512T;Terreno;;Castellammare di Stabia;NA;;18;209;
3513T;Terreno;;Castellammare di Stabia;NA;;18;281;
3514T;Terreno;;Castellammare di Stabia;NA;;18;282;
3515T;Terreno;;Castellammare di Stabia;NA;;18;444;
3516T;Terreno;;Castellammare di Stabia;NA;;18;445;
3517T;Terreno;;Castellammare di Stabia;NA;;23;5;
3518T;Terreno;;Castellammare di Stabia;NA;;23;16;
3519T;Terreno;;Castellammare di Stabia;NA;;23;17;
3520T;Terreno;;Castellammare di Stabia;NA;;23;18;
3521T;Terreno;;Castellammare di Stabia;NA;;23;27;
3522T;Terreno;;Castellammare di Stabia;NA;;23;28;
3523T;Terreno;;Castellammare di Stabia;NA;;23;33;
3524T;Terreno;;Castellammare di Stabia;NA;;23;34;
3525T;Terreno;;Castellammare di Stabia;NA;;23;35;
3526T;Terreno;;Castellammare di Stabia;NA;;23;64;
3527T;Terreno;;Castellammare di Stabia;NA;;23;67;
3528T;Terreno;;Castellammare di Stabia;NA;;23;69;
3529T;Terreno;;Castellammare di Stabia;NA;;23;73;
3530T;Terreno;;Castellammare di Stabia;NA;;23;76;
3531T;Terreno;;Castellammare di Stabia;NA;;23;77;
3532T;Terreno;;Castellammare di Stabia;NA;;23;80;
3533T;Terreno;;Castellammare di Stabia;NA;;23;84;
3534T;Terreno;;Castellammare di Stabia;NA;;23;98;
3535T;Terreno;;Pimonte;NA;;7;7;
3536T;Terreno;;Pimonte;NA;;7;8;
3537T;Terreno;;Pimonte;NA;;7;10;
3538T;Terreno;;Vico Equense;NA;;6;1;
3539T;Terreno;;Vico Equense;NA;;6;3;
3540T;Terreno;;Vico Equense;NA;;6;4;
3541T;Terreno;;Vico Equense;NA;;6;7;
3542T;Terreno;;Vico Equense;NA;;6;8;
3543T;Terreno;;Vico Equense;NA;;6;10;
3544T;Terreno;;Vico Equense;NA;;6;16;
3545T;Terreno;;Vico Equense;NA;;6;17;
3546T;Terreno;;Vico Equense;NA;;6;18;
3547T;Terreno;;Vico Equense;NA;;6;22;
3548T;Terreno;;Vico Equense;NA;;6;26;
3549T;Terreno;;Vico Equense;NA;;6;27;
3550T;Terreno;;Vico Equense;NA;;6;29;
3551T;Terreno;;Vico Equense;NA;;6;35;
3552T;Terreno;;Vico Equense;NA;;6;36;
3553T;Terreno;;Vico Equense;NA;;6;39;
3554T;Terreno;;Vico Equense;NA;;6;40;
3555T;Terreno;;Vico Equense;NA;;6;44;
3556T;Terreno;;Vico Equense;NA;;6;45;
3557T;Terreno;;Vico Equense;NA;;6;55;
3558T;Terreno;;Vico Equense;NA;;6;58;
3559T;Terreno;;Vico Equense;NA;;6;59;
3560T;Terreno;;Vico Equense;NA;;6;67;
3561T;Terreno;;Vico Equense;NA;;6;81;
3562T;Terreno;;Vico Equense;NA;;6;83;
3563T;Terreno;;Vico Equense;NA;;6;90;
3564T;Terreno;;Vico Equense;NA;;6;112;
3565T;Terreno;;Vico Equense;NA;;6;113;
3566T;Terreno;;Vico Equense;NA;;6;196;
3567T;Terreno;;Vico Equense;NA;;6;251;
3568T;Terreno;;Vico Equense;NA;;6;311;
3569T;Terreno;;Vico Equense;NA;;6;313;
3570T;Terreno;;Vico Equense;NA;;6;314;
3571T;Terreno;;Vico Equense;NA;;6;315;
3572T;Terreno;;Vico Equense;NA;;6;316;
3573T;Terreno;;Vico Equense;NA;;6;317;
3574T;Terreno;;Vico Equense;NA;;6;318;
3575T;Terreno;;Vico Equense;NA;;6;319;
3576T;Terreno;;Vico Equense;NA;;6;320;
3577T;Terreno;;Vico Equense;NA;;6;321;
3578T;Terreno;;Vico Equense;NA;;6;322;
3579T;Terreno;;Vico Equense;NA;;6;323;
3580T;Terreno;;Vico Equense;NA;;6;324;
3581T;Terreno;;Vico Equense;NA;;6;330;
3582T;Terreno;;Vico Equense;NA;;6;332;
3583T;Terreno;;Vico Equense;NA;;6;334;
3584T;Terreno;;Vico Equense;NA;;6;335;
3585T;Terreno;;Vico Equense;NA;;6;336;
3586T;Terreno;;Vico Equense;NA;;6;337;
3587T;Terreno;;Vico Equense;NA;;6;338;
3588T;Terreno;;Vico Equense;NA;;6;339;
3589T;Terreno;;Vico Equense;NA;;6;340;
3590T;Terreno;;Vico Equense;NA;;6;341;
3591T;Terreno;;Vico Equense;NA;;6;342;
3592T;Terreno;;Vico Equense;NA;;6;344;
3593T;Terreno;;Vico Equense;NA;;6;345;
3594T;Terreno;;Vico Equense;NA;;6;350;
3595T;Terreno;;Vico Equense;NA;;6;370;
3596T;Terreno;;Vico Equense;NA;;6;371;
3597T;Terreno;;Vico Equense;NA;;6;372;
3598T;Terreno;;Vico Equense;NA;;6;379;
3599T;Terreno;;Vico Equense;NA;;6;385;
3600T;Terreno;;Vico Equense;NA;;6;386;
3601T;Terreno;;Vico Equense;NA;;6;416;
3602T;Terreno;;Vico Equense;NA;;6;418;
3603T;Terreno;;Vico Equense;NA;;6;419;
3604T;Terreno;;Vico Equense;NA;;6;420;
3605T;Terreno;;Vico Equense;NA;;6;421;
3606T;Terreno;;Vico Equense;NA;;6;422;
3607T;Terreno;;Vico Equense;NA;;6;423;
3608T;Terreno;;Vico Equense;NA;;6;425;
3609T;Terreno;;Vico Equense;NA;;6;426;
3610T;Terreno;;Vico Equense;NA;;6;427;
3611T;Terreno;;Vico Equense;NA;;6;428;
3612T;Terreno;;Vico Equense;NA;;6;429;
3613T;Terreno;;Vico Equense;NA;;6;431;
3614T;Terreno;;Vico Equense;NA;;6;434;
3615T;Terreno;;Vico Equense;NA;;6;436;
3616T;Terreno;;Vico Equense;NA;;6;437;
3617T;Terreno;;Vico Equense;NA;;6;438;
3618T;Terreno;;Vico Equense;NA;;6;440;
3619T;Terreno;;Vico Equense;NA;;6;442;
3620T;Terreno;;Vico Equense;NA;;6;443;
3621T;Terreno;;Vico Equense;NA;;6;449;
3622T;Terreno;;Vico Equense;NA;;6;476;
3623T;Terreno;;Vico Equense;NA;;6;495;
3624T;Terreno;;Vico Equense;NA;;6;510;
3625T;Terreno;;Vico Equense;NA;;6;512;
3626T;Terreno;;Vico Equense;NA;;6;514;
3627T;Terreno;;Vico Equense;NA;;6;517;
3628T;Terreno;;Vico Equense;NA;;6;519;
3629T;Terreno;;Vico Equense;NA;;6;529;
3630T;Terreno;;Vico Equense;NA;;6;531;
3631T;Terreno;;Vico Equense;NA;;6;533;
3632T;Terreno;;Vico Equense;NA;;6;535;
3633T;Terreno;;Vico Equense;NA;;6;537;
3634T;Terreno;;Vico Equense;NA;;6;558;
3635T;Terreno;;Vico Equense;NA;;9;5;
3636T;Terreno;;Vico Equense;NA;;9;6;
3637T;Terreno;;Vico Equense;NA;;9;10;
3638T;Terreno;;Vico Equense;NA;;9;11;
3639T;Terreno;;Vico Equense;NA;;9;74;
3640T;Terreno;;Vico Equense;NA;;10;2;
3641T;Terreno;;Vico Equense;NA;;10;3;
3642T;Terreno;;Vico Equense;NA;;10;7;
3643T;Terreno;;Vico Equense;NA;;10;8;
3644T;Terreno;;Vico Equense;NA;;10;9;
3645T;Terreno;;Vico Equense;NA;;10;10;
3646T;Terreno;;Vico Equense;NA;;10;163;
3647T;Terreno;;Vico Equense;NA;;10;166;
3648T;Terreno;;Vico Equense;NA;;10;186;
3649T;Terreno;;Vico Equense;NA;;10;203;
3650T;Terreno;;Vico Equense;NA;;10;229;
3651T;Terreno;;Vico Equense;NA;;10;230;
3652T;Terreno;;Vico Equense;NA;;10;264;
3653T;Terreno;;Vico Equense;NA;;10;267;
3654T;Terreno;;Vico Equense;NA;;10;289;
3655T;Terreno;;Vico Equense;NA;;10;293;
3656T;Terreno;;Vico Equense;NA;;10;307;
3657T;Terreno;;Vico Equense;NA;;10;310;
3658T;Terreno;;Vico Equense;NA;;10;324;
3659T;Terreno;;Vico Equense;NA;;10;332;
3661T;Terreno;;Vico Equense;NA;;10;334;
3662T;Terreno;;Eboli;SA;;48;6;
3663T;Terreno;;Eboli;SA;;48;7;
3664T;Terreno;;Eboli;SA;;48;42;
3665T;Terreno;;Benevento;BN;;16;186;
4590T;Terreno;;Ravello;SA;;6;831;
4591T;Terreno;;Ravello;SA;;6;839;
4592T;Terreno;;Ravello;SA;;6;1124;
4593T;Terreno;;Ravello;SA;;6;2363;
4594T;Terreno;;Cardito;NA;;4;1913;
4595T;Terreno;;Cardito;NA;;3;848;
4596T;Terreno;;Cardito;NA;;3;1090;
4597T;Terreno;;Cardito;NA;;3;1093;
4598T;Terreno;;Cardito;NA;;3;1094;
4599T;Terreno;;Cardito;NA;;3;1096;
4600T;Terreno;;Cardito;NA;;4;1496;
4601T;Terreno;;Cardito;NA;;4;1533;
4602T;Terreno;;Cardito;NA;;4;1921;
4606T;Terreno;;Airola;BN;;3;182;
4607T;Terreno;;Airola;BN;;3;259;
4655T;Terreno;;Bonea;BN;;1;49;
5094T;Terreno;;Eboli;SA;;47;452;
5095T;Terreno;;Eboli;SA;;47;121;
5097T;Terreno;;Eboli;SA;;47;452;
5098T;Terreno;;Eboli;SA;;47;452;
5099T;Terreno;;Eboli;SA;;47;458;
5101T;Terreno;;Eboli;SA;;47;121;
5103T;Terreno;;Eboli;SA;;47;452;
5366T;Terreno;;Guardia Lombardi;AV;;48;69;
5505T;Terreno;;Montesano sulla Marcellana;SA;;56;149;
5506T;Terreno;;Montesano sulla Marcellana;SA;;56;137;
5507T;Terreno;;Montesano sulla Marcellana;SA;;56;138;
5508T;Terreno;;Montesano sulla Marcellana;SA;;56;139;
5509T;Terreno;;Montesano sulla Marcellana;SA;;56;140;
5510T;Terreno;;Montesano sulla Marcellana;SA;;56;141;
5511T;Terreno;;Montesano sulla Marcellana;SA;;56;146;
5512T;Terreno;;Montesano sulla Marcellana;SA;;56;147;
5513T;Terreno;;Montesano sulla Marcellana;SA;;211;288;
5514T;Terreno;;Montesano sulla Marcellana;SA;;211;287;
5793T;Terreno;;Sanza;SA;;7;57;
5794T;Terreno;;Sanza;SA;;7;56;
5795T;Terreno;;Serre;SA;;15;2;
5796T;Terreno;;Serre;SA;;15;7;
5797T;Terreno;;Serre;SA;;15;8;
5798T;Terreno;;Serre;SA;;15;9;
5805T;Terreno;;Serre;SA;;15;167;
5811T;Terreno;;Serre;SA;;15;10;
5816T;Terreno;;Serre;SA;;15;15;
5817T;Terreno;;Serre;SA;;15;14;
5818T;Terreno;;Serre;SA;;15;115;
5819T;Terreno;;Serre;SA;;15;116;
5820T;Terreno;;Serre;SA;;15;117;
5821T;Terreno;;Serre;SA;;15;118;
5822T;Terreno;;Serre;SA;;15;119;
5823T;Terreno;;Serre;SA;;15;120;
5824T;Terreno;;Serre;SA;;15;121;
5825T;Terreno;;Serre;SA;;15;122;
5831T;Terreno;;Serre;SA;;15;34;
5832T;Terreno;;Serre;SA;;15;35;
5833T;Terreno;;Serre;SA;;15;36;
5834T;Terreno;;Serre;SA;;15;37;
5835T;Terreno;;Serre;SA;;15;38;
5836T;Terreno;;Serre;SA;;15;39;
5837T;Terreno;;Serre;SA;;15;40;
5838T;Terreno;;Serre;SA;;15;41;
5839T;Terreno;;Serre;SA;;15;42;
5840T;Terreno;;Serre;SA;;15;43;
5841T;Terreno;;Serre;SA;;15;44;
5842T;Terreno;;Serre;SA;;15;45;
5843T;Terreno;;Serre;SA;;15;47;
5844T;Terreno;;Serre;SA;;15;48;
5845T;Terreno;;Serre;SA;;15;49;
5846T;Terreno;;Serre;SA;;15;50;
5847T;Terreno;;Serre;SA;;15;51;
5849T;Terreno;;Serre;SA;;15;68;
5850T;Terreno;;Serre;SA;;15;72;
5851T;Terreno;;Serre;SA;;15;80;
5852T;Terreno;;Serre;SA;;15;81;
5853T;Terreno;;Serre;SA;;15;82;
5854T;Terreno;;Serre;SA;;15;93;
5855T;Terreno;;Serre;SA;;15;94;
5856T;Terreno;;Serre;SA;;15;95;
5857T;Terreno;;Serre;SA;;15;96;
5858T;Terreno;;Serre;SA;;15;97;
5859T;Terreno;;Serre;SA;;15;98;
5860T;Terreno;;Serre;SA;;15;99;
5861T;Terreno;;Serre;SA;;15;100;
5862T;Terreno;;Serre;SA;;15;101;
5863T;Terreno;;Serre;SA;;15;102;
5864T;Terreno;;Serre;SA;;15;103;
5865T;Terreno;;Serre;SA;;15;104;
5871T;Terreno;;Serre;SA;;16;1;
5874T;Terreno;;Serre;SA;;16;71;
5875T;Terreno;;Serre;SA;;16;129;
5882T;Terreno;;Serre;SA;;16;69;
5883T;Terreno;;Serre;SA;;16;2;
5885T;Terreno;;Serre;SA;;16;26;
5887T;Terreno;;Serre;SA;;16;52;
5888T;Terreno;;Serre;SA;;16;54;
5890T;Terreno;;Serre;SA;;16;99;
5891T;Terreno;;Serre;SA;;16;100;
5892T;Terreno;;Serre;SA;;16;102;
5893T;Terreno;;Serre;SA;;16;103;
5894T;Terreno;;Serre;SA;;16;104;
5895T;Terreno;;Serre;SA;;16;106;
5896T;Terreno;;Serre;SA;;16;115;
5897T;Terreno;;Serre;SA;;16;116;
5900T;Terreno;;Serre;SA;;16;140;
5902T;Terreno;;Serre;SA;;16;144;
5904T;Terreno;;Serre;SA;;16;155;
5906T;Terreno;;Serre;SA;;16;167;
5907T;Terreno;;Serre;SA;;16;168;
5908T;Terreno;;Serre;SA;;16;172;
5909T;Terreno;;Serre;SA;;16;173;
5910T;Terreno;;Serre;SA;;16;175;
5912T;Terreno;;Serre;SA;;16;185;
5926T;Terreno;;Serre;SA;;25;54;
5927T;Terreno;;Serre;SA;;25;56;
5933T;Terreno;;Serre;SA;;25;107;
5945T;Terreno;;Serre;SA;;25;39;
5946T;Terreno;;Serre;SA;;25;40;
5947T;Terreno;;Serre;SA;;25;41;
5948T;Terreno;;Serre;SA;;25;42;
5949T;Terreno;;Serre;SA;;25;43;
5950T;Terreno;;Serre;SA;;25;44;
5951T;Terreno;;Serre;SA;;25;8;
5954T;Terreno;;Serre;SA;;25;45;
5955T;Terreno;;Serre;SA;;25;48;
5958T;Terreno;;Serre;SA;;25;74;
5959T;Terreno;;Serre;SA;;25;75;
5991T;Terreno;;Serre;SA;;32;7;
5992T;Terreno;;Serre;SA;;32;145;
5993T;Terreno;;Serre;SA;;32;147;
5999T;Terreno;;Serre;SA;;32;9;
6000T;Terreno;;Serre;SA;;32;160;
6001T;Terreno;;Serre;SA;;32;167;
6002T;Terreno;;Serre;SA;;32;179;
6003T;Terreno;;Serre;SA;;32;185;
6013T;Terreno;;Serre;SA;;35;1;
6015T;Terreno;;Serre;SA;;35;194;
6016T;Terreno;;Serre;SA;;35;8;
6017T;Terreno;;Serre;SA;;35;10;
6018T;Terreno;;Serre;SA;;35;139;
6019T;Terreno;;Serre;SA;;35;140;
6022T;Terreno;;Serre;SA;;35;204;
6023T;Terreno;;Serre;SA;;35;205;
6025T;Terreno;;Serre;SA;;35;138;
6028T;Terreno;;Serre;SA;;35;191;
6039T;Terreno;;Serre;SA;;35;205;
6122T;Terreno;;Serre;SA;;35;365;
6123T;Terreno;;Serre;SA;;35;366;
6124T;Terreno;;Serre;SA;;35;368;
6125T;Terreno;;Serre;SA;;35;391;
6157T;Terreno;;Bisaccia;AV;;39;95;
6158T;Terreno;;Bisaccia;AV;;39;90;
6159T;Terreno;;Bisaccia;AV;;39;260;
6160T;Terreno;;Bisaccia;AV;;39;97;
6161T;Terreno;;Bisaccia;AV;;39;98;
6162T;Terreno;;Bisaccia;AV;;39;99;
6163T;Terreno;;Bisaccia;AV;;39;100;
6164T;Terreno;;Bisaccia;AV;;39;102;
6165T;Terreno;;Bisaccia;AV;;39;239;
6166T;Terreno;;Bisaccia;AV;;39;217;
6168T;Terreno;;Bisaccia;AV;;39;215;
6169T;Terreno;;Bisaccia;AV;;39;91;
6170T;Terreno;;Bisaccia;AV;;39;92;
6171T;Terreno;;Bisaccia;AV;;39;218;
6172T;Terreno;;Bisaccia;AV;;39;219;
6173T;Terreno;;Bisaccia;AV;;39;270;
6174T;Terreno;;Bisaccia;AV;;39;101;
6175T;Terreno;;Bisaccia;AV;;39;273;
6176T;Terreno;;Bisaccia;AV;;39;103;
6177T;Terreno;;Bisaccia;AV;;39;93;
6178T;Terreno;;Bisaccia;AV;;39;216;
6179T;Terreno;;Bisaccia;AV;;39;261;
6180T;Terreno;;Bisaccia;AV;;39;231;
6181T;Terreno;;Bisaccia;AV;;39;287;
6182T;Terreno;;Bisaccia;AV;;40;104;
6183T;Terreno;;Bisaccia;AV;;40;103;
6184T;Terreno;;Bisaccia;AV;;40;95;
6185T;Terreno;;Bisaccia;AV;;40;170;
6186T;Terreno;;Bisaccia;AV;;40;179;
6187T;Terreno;;Bisaccia;AV;;40;110;
6188T;Terreno;;Bisaccia;AV;;40;97;
6189T;Terreno;;Bisaccia;AV;;40;108;
6190T;Terreno;;Bisaccia;AV;;40;99;
6191T;Terreno;;Bisaccia;AV;;40;101;
6192T;Terreno;;Bisaccia;AV;;40;248;
6193T;Terreno;;Bisaccia;AV;;40;253;
6194T;Terreno;;Bisaccia;AV;;40;187;
6195T;Terreno;;Bisaccia;AV;;40;251;
6196T;Terreno;;Bisaccia;AV;;40;255;
6197T;Terreno;;Bisaccia;AV;;40;252;
6198T;Terreno;;Bisaccia;AV;;40;232;
6199T;Terreno;;Bisaccia;AV;;40;106;
6200T;Terreno;;Bisaccia;AV;;40;249;
6201T;Terreno;;Bisaccia;AV;;40;250;
6202T;Terreno;;Bisaccia;AV;;40;254;
6203T;Terreno;;Bisaccia;AV;;55;383;
6204T;Terreno;;Bisaccia;AV;;40;177;
6205T;Terreno;;Bisaccia;AV;;40;246;
6206T;Terreno;;Bisaccia;AV;;40;243;
6207T;Terreno;;Bisaccia;AV;;40;270;
6208T;Terreno;;Bisaccia;AV;;40;90;
6209T;Terreno;;Bisaccia;AV;;40;260;
6210T;Terreno;;Bisaccia;AV;;40;195;
6211T;Terreno;;Bisaccia;AV;;40;240;
6212T;Terreno;;Bisaccia;AV;;40;116;
6213T;Terreno;;Bisaccia;AV;;40;272;
6214T;Terreno;;Bisaccia;AV;;40;258;
6215T;Terreno;;Bisaccia;AV;;39;288;
6216T;Terreno;;Bisaccia;AV;;39;290;
6217T;Terreno;;Bisaccia;AV;;39;292;
6218T;Terreno;;Bisaccia;AV;;40;244;
6219T;Terreno;;Bisaccia;AV;;40;247;
6220T;Terreno;;Bisaccia;AV;;40;84;
6221T;Terreno;;Bisaccia;AV;;40;230;
6222T;Terreno;;Bisaccia;AV;;40;114;
6223T;Terreno;;Bisaccia;AV;;40;83;
6224T;Terreno;;Bisaccia;AV;;40;91;
6225T;Terreno;;Bisaccia;AV;;40;94;
6226T;Terreno;;Bisaccia;AV;;40;88;
6227T;Terreno;;Bisaccia;AV;;40;86;
6228T;Terreno;;Bisaccia;AV;;40;208;
6229T;Terreno;;Bisaccia;AV;;40;209;
6230T;Terreno;;Bisaccia;AV;;40;210;
6231T;Terreno;;Bisaccia;AV;;40;173;
6232T;Terreno;;Bisaccia;AV;;40;213;
6233T;Terreno;;Bisaccia;AV;;40;245;
6234T;Terreno;;Bisaccia;AV;;40;242;
6235T;Terreno;;Bisaccia;AV;;40;241;
6236T;Terreno;;Bisaccia;AV;;40;262;
6237T;Terreno;;Bisaccia;AV;;40;81;
6238T;Terreno;;Bisaccia;AV;;40;268;
6239T;Terreno;;Bisaccia;AV;;40;264;
6240T;Terreno;;Bisaccia;AV;;40;266;
6241T;Terreno;;Bisaccia;AV;;40;256;
6242T;Terreno;;Bisaccia;AV;;40;274;
6243T;Terreno;;Bisaccia;AV;;40;93;
6460T;Terreno;;Napoli;NA;;207;65;
6461T;Terreno;;Castellammare di Stabia;NA;;23;3;
6471T;Terreno;;Altavilla Irpina;AV;;2;1334;
6472T;Terreno;;Guardia Lombardi;AV;;48;405;
6473T;Terreno;;Guardia Lombardi;AV;;48;404;
6474T;Terreno;;Sant'Andrea di Conza;AV;;2;436;
6476T;Terreno;;Bisaccia;AV;;39;94;
6478T;Terreno;;Bucciano;BN;;1;182;
6479T;Terreno;;Bucciano;BN;;1;156;
6480T;Terreno;;Bucciano;BN;;1;159;
6481T;Terreno;;Bucciano;BN;;1;163;
6482T;Terreno;;Bucciano;BN;;1;166;
6483T;Terreno;;Bucciano;BN;;1;168;
6484T;Terreno;;Bucciano;BN;;1;174;
6485T;Terreno;;Bucciano;BN;;1;180;
6486T;Terreno;;Bucciano;BN;;1;185;
6487T;Terreno;;Bucciano;BN;;1;188;
6488T;Terreno;;Bucciano;BN;;1;190;
6489T;Terreno;;Bucciano;BN;;4;352;
6490T;Terreno;;Bucciano;BN;;4;355;
6491T;Terreno;;Bucciano;BN;;5;228;
6492T;Terreno;;Bucciano;BN;;5;236;
6493T;Terreno;;Bucciano;BN;;5;243;
6494T;Terreno;;Bucciano;BN;;5;248;
6495T;Terreno;;Bucciano;BN;;5;254;
6496T;Terreno;;Bucciano;BN;;5;257;
6497T;Terreno;;Bucciano;BN;;5;259;
6498T;Terreno;;Bucciano;BN;;5;261;
6499T;Terreno;;Bucciano;BN;;5;264;
6500T;Terreno;;Bucciano;BN;;5;276;
6501T;Terreno;;Bucciano;BN;;5;278;
6502T;Terreno;;Bucciano;BN;;5;281;
6503T;Terreno;;Bucciano;BN;;5;282;
6504T;Terreno;;Bucciano;BN;;6;527;
6505T;Terreno;;Bucciano;BN;;6;530;
6506T;Terreno;;Bucciano;BN;;6;533;
6507T;Terreno;;Bucciano;BN;;6;537;
6508T;Terreno;;Bucciano;BN;;6;539;
6509T;Terreno;;Bucciano;BN;;6;545;
6510T;Terreno;;Bucciano;BN;;6;548;
6511T;Terreno;;Bucciano;BN;;6;551;
6512T;Terreno;;Bucciano;BN;;6;554;
6513T;Terreno;;Bucciano;BN;;6;560;
6514T;Terreno;;Bucciano;BN;;6;569;
6515T;Terreno;;Bucciano;BN;;6;571;
6516T;Terreno;;Bucciano;BN;;6;574;
6517T;Terreno;;Bucciano;BN;;6;577;
6518T;Terreno;;Bucciano;BN;;6;580;
6519T;Terreno;;Bucciano;BN;;6;654;
6520T;Terreno;;Bucciano;BN;;6;655;
6521T;Terreno;;Bucciano;BN;;8;193;
6522T;Terreno;;Bucciano;BN;;8;252;
6523T;Terreno;;Bucciano;BN;;8;256;
6524T;Terreno;;Bucciano;BN;;8;259;
6525T;Terreno;;Bucciano;BN;;8;262;
6526T;Terreno;;Bucciano;BN;;8;266;
6528T;Terreno;;Montesano sulla Marcellana;SA;;56;134;
6529T;Terreno;;Montesano sulla Marcellana;SA;;56;144;
6530T;Terreno;;Montesano sulla Marcellana;SA;;56;156;
6531T;Terreno;;Montesano sulla Marcellana;SA;;56;157;
6532T;Terreno;;Montesano sulla Marcellana;SA;;56;158;
6533T;Terreno;;Montesano sulla Marcellana;SA;;56;159;
6534T;Terreno;;Montesano sulla Marcellana;SA;;56;233;
6535T;Terreno;;Montesano sulla Marcellana;SA;;56;234;
6536T;Terreno;;Montesano sulla Marcellana;SA;;56;235;
6537T;Terreno;;Montesano sulla Marcellana;SA;;56;236;
6538T;Terreno;;Montesano sulla Marcellana;SA;;56;237;
6539T;Terreno;;Montesano sulla Marcellana;SA;;56;229;
6540T;Terreno;;Montesano sulla Marcellana;SA;;56;230;
6541T;Terreno;;Montesano sulla Marcellana;SA;;56;231;
6542T;Terreno;;Montesano sulla Marcellana;SA;;56;232;
6543T;Terreno;;Montesano sulla Marcellana;SA;;56;150;
6544T;Terreno;;Montesano sulla Marcellana;SA;;56;227;
6545T;Terreno;;Montesano sulla Marcellana;SA;;56;228;
6546T;Terreno;;Montesano sulla Marcellana;SA;;55;44;
6547T;Terreno;;Montesano sulla Marcellana;SA;;55;45;
6548T;Terreno;;Montesano sulla Marcellana;SA;;55;46;
6549T;Terreno;;Montesano sulla Marcellana;SA;;55;47;
6550T;Terreno;;Montesano sulla Marcellana;SA;;55;48;
6551T;Terreno;;Montesano sulla Marcellana;SA;;55;49;
6552T;Terreno;;Montesano sulla Marcellana;SA;;55;50;
6553T;Terreno;;Montesano sulla Marcellana;SA;;55;51;
6554T;Terreno;;Montesano sulla Marcellana;SA;;55;52;
6555T;Terreno;;Montesano sulla Marcellana;SA;;55;53;
6556T;Terreno;;Montesano sulla Marcellana;SA;;55;54;
6557T;Terreno;;Montesano sulla Marcellana;SA;;55;55;
6558T;Terreno;;Montesano sulla Marcellana;SA;;55;56;
6559T;Terreno;;Montesano sulla Marcellana;SA;;55;57;
6560T;Terreno;;Montesano sulla Marcellana;SA;;55;58;
6561T;Terreno;;Montesano sulla Marcellana;SA;;55;59;
6562T;Terreno;;Montesano sulla Marcellana;SA;;55;60;
6563T;Terreno;;Montesano sulla Marcellana;SA;;55;61;
6564T;Terreno;;Montesano sulla Marcellana;SA;;55;62;
6565T;Terreno;;Montesano sulla Marcellana;SA;;55;63;
6566T;Terreno;;Montesano sulla Marcellana;SA;;55;64;
6567T;Terreno;;Montesano sulla Marcellana;SA;;55;65;
6568T;Terreno;;Montesano sulla Marcellana;SA;;55;66;
6569T;Terreno;;Montesano sulla Marcellana;SA;;55;67;
6570T;Terreno;;Montesano sulla Marcellana;SA;;55;68;
6571T;Terreno;;Montesano sulla Marcellana;SA;;56;242;
6572T;Terreno;;Montesano sulla Marcellana;SA;;56;243;
6573T;Terreno;;Montesano sulla Marcellana;SA;;56;244;
6574T;Terreno;;Montesano sulla Marcellana;SA;;56;245;
6575T;Terreno;;Montesano sulla Marcellana;SA;;56;246;
6576T;Terreno;;Montesano sulla Marcellana;SA;;56;247;
6577T;Terreno;;Montesano sulla Marcellana;SA;;56;248;
6578T;Terreno;;Montesano sulla Marcellana;SA;;56;249;
6579T;Terreno;;Montesano sulla Marcellana;SA;;56;250;
6580T;Terreno;;Montesano sulla Marcellana;SA;;56;251;
6581T;Terreno;;Montesano sulla Marcellana;SA;;56;252;
6582T;Terreno;;Montesano sulla Marcellana;SA;;56;240;
6583T;Terreno;;Montesano sulla Marcellana;SA;;56;241;
6588T;Terreno;;Bisaccia;Av;;28;129;
6596T;Terreno;;Roccarainola;NA;;3;77;
6620T;Terreno;;Nocera Inferiore;SA;;9;1467;
6621T;Terreno;;Nocera Inferiore;SA;;9;1460;
6622T;Terreno;;Nocera Inferiore;SA;;9;1464;
6623T;Terreno;;Nocera Inferiore;SA;;9;1462;
6624T;Terreno;;Nocera Inferiore;SA;;9;1718;
6625T;Terreno;;Nocera Inferiore;SA;;9;1719;
6626T;Terreno;;Nocera Inferiore;SA;;9;1720;
6627T;Terreno;;Nocera Inferiore;SA;;9;1308;
6628T;Terreno;;Pagani;SA;;7;1846;
6629T;Terreno;;Pagani;SA;;7;1856;
6630T;Terreno;;Pagani;SA;;7;1835;
6631T;Terreno;;Pagani;SA;;7;1839;
6632T;Terreno;;Nocera Inferiore;SA;;9;1466;
6635T;Terreno;;Bucciano;BN;;1;156;
6648T;Terreno;;Nola;NA;;5;33;
6649T;Terreno;;Nola;NA;;5;109;
6650T;Terreno;;Nola;NA;;10;115;
6651T;Terreno;;Nola;NA;;10;243;
6652T;Terreno;;Nola;NA;;10;50;
6653T;Terreno;;Nola;NA;;8;24;
6654T;Terreno;;Nola;NA;;8;38;
6655T;Terreno;;Nola;NA;;8;78;
6656T;Terreno;;Nola;NA;;8;149;
6657T;Terreno;;Nola;NA;;8;148;
6658T;Terreno;;Nola;NA;;8;144;
6659T;Terreno;;Nola;NA;;8;67;
6660T;Terreno;;Nola;NA;;8;77;
6661T;Terreno;;Nola;NA;;8;141;
6662T;Terreno;;Nola;NA;;8;9;
6663T;Terreno;;Nola;NA;;8;169;
6664T;Terreno;;Nola;NA;;8;47;
6665T;Terreno;;Nola;NA;;8;55;
6666T;Terreno;;Nola;NA;;8;130;
6667T;Terreno;;Nola;NA;;8;42;
6668T;Terreno;;Nola;NA;;8;343;
6669T;Terreno;;Nola;NA;;8;344;
6670T;Terreno;;Nola;NA;;8;380;
6671T;Terreno;;Nola;NA;;8;382;
6672T;Terreno;;Nola;NA;;8;385;
6673T;Terreno;;Nola;NA;;8;387;
6674T;Terreno;;Nola;NA;;10;527;
6675T;Terreno;;Nola;NA;;10;561;
6676T;Terreno;;Nola;NA;;10;563;
6677T;Terreno;;Nola;NA;;8;56;
6678T;Terreno;;Nola;NA;;8;121;
6679T;Terreno;;Nola;NA;;10;570;
6680T;Terreno;;Nola;NA;;10;556;
6681T;Terreno;;Nola;NA;;10;558;
6682T;Terreno;;Nola;NA;;8;328;
6683T;Terreno;;Nola;NA;;8;331;
6684T;Terreno;;Nola;NA;;8;360;
6685T;Terreno;;Nola;NA;;8;330;
6686T;Terreno;;Nola;NA;;8;333;
6687T;Terreno;;Nola;NA;;8;362;
6688T;Terreno;;Nola;NA;;8;302;
6689T;Terreno;;Nola;NA;;8;304;
6690T;Terreno;;Nola;NA;;8;277;
6691T;Terreno;;Nola;NA;;8;279;
6692T;Terreno;;Nola;NA;;10;564;
6693T;Terreno;;Nola;NA;;10;566;
6694T;Terreno;;Nola;NA;;8;292;
6695T;Terreno;;Nola;NA;;8;297;
6696T;Terreno;;Nola;NA;;8;294;
6697T;Terreno;;Nola;NA;;8;299;
6698T;Terreno;;Nola;NA;;8;305;
6699T;Terreno;;Nola;NA;;8;60;
6700T;Terreno;;Nola;NA;;6;3;
6701T;Terreno;;Nola;NA;;8;123;
6702T;Terreno;;Nola;NA;;8;271;
6703T;Terreno;;Nola;NA;;8;274;
6704T;Terreno;;Nola;NA;;8;273;
6705T;Terreno;;Nola;NA;;6;6;
6706T;Terreno;;Nola;NA;;8;7;
6707T;Terreno;;Nola;NA;;8;6;
6708T;Terreno;;Nola;NA;;8;204;
6709T;Terreno;;Nola;NA;;8;166;
6710T;Terreno;;Nola;NA;;8;267;
6711T;Terreno;;Nola;NA;;5;92;
6712T;Terreno;;Nola;NA;;5;580;
6713T;Terreno;;Nola;NA;;6;87;
6715T;Terreno;;Nola;NA;;8;289;
6716T;Terreno;;Nola;NA;;8;287;
6717T;Terreno;;Nola;NA;;10;32;
6718T;Terreno;;Nola;NA;;10;357;
6719T;Terreno;;Nola;NA;;10;27;
6720T;Terreno;;Nola;NA;;10;28;
6721T;Terreno;;Nola;NA;;10;141;
6722T;Terreno;;Nola;NA;;10;185;
6723T;Terreno;;Nola;NA;;10;110;
6724T;Terreno;;Nola;NA;;10;346;
6725T;Terreno;;Nola;NA;;10;347;
6726T;Terreno;;Nola;NA;;10;30;
6727T;Terreno;;Nola;NA;;10;356;
6728T;Terreno;;Nola;NA;;10;277;
6729T;Terreno;;Nola;NA;;10;279;
6730T;Terreno;;Nola;NA;;10;173;
6731T;Terreno;;Nola;NA;;8;172;
6732T;Terreno;;Nola;NA;;10;111;
6733T;Terreno;;Nola;NA;;8;43;
6734T;Terreno;;Nola;NA;;8;147;
6735T;Terreno;;Nola;NA;;8;146;
6736T;Terreno;;Nola;NA;;8;261;
6737T;Terreno;;Nola;NA;;10;29;
6738T;Terreno;;Nola;NA;;10;269;
6739T;Terreno;;Nola;NA;;10;288;
6740T;Terreno;;Nola;NA;;10;276;
6741T;Terreno;;Nola;NA;;10;473;
6742T;Terreno;;Nola;NA;;10;33;
6743T;Terreno;;Nola;NA;;5;133;
6744T;Terreno;;Nola;NA;;5;45;
6745T;Terreno;;Nola;NA;;5;46;
6746T;Terreno;;Nola;NA;;5;47;
6747T;Terreno;;Nola;NA;;5;98;
6748T;Terreno;;Nola;NA;;5;164;
6749T;Terreno;;Nola;NA;;10;56;
6750T;Terreno;;Nola;NA;;10;57;
6751T;Terreno;;Nola;NA;;10;52;
6752T;Terreno;;Nola;NA;;8;8;
6753T;Terreno;;Nola;NA;;8;10;
6754T;Terreno;;Nola;NA;;8;61;
6755T;Terreno;;Nola;NA;;8;120;
6756T;Terreno;;Nola;NA;;8;74;
6757T;Terreno;;Nola;NA;;8;45;
6758T;Terreno;;Nola;NA;;10;34;
6759T;Terreno;;Nola;NA;;10;51;
6760T;Terreno;;Nola;NA;;8;127;
6761T;Terreno;;Nola;NA;;10;49;
6762T;Terreno;;Nola;NA;;8;17;
6763T;Terreno;;Nola;NA;;8;70;
6764T;Terreno;;Nola;NA;;8;185;
6765T;Terreno;;Nola;NA;;5;89;
6766T;Terreno;;Nola;NA;;10;62;
6767T;Terreno;;Nola;NA;;10;348;
6768T;Terreno;;Nola;NA;;10;353;
6769T;Terreno;;Nola;NA;;10;354;
6770T;Terreno;;Nola;NA;;10;26;
6771T;Terreno;;Nola;NA;;10;351;
6772T;Terreno;;Nola;NA;;10;352;
6773T;Terreno;;Nola;NA;;10;355;
6774T;Terreno;;Nola;NA;;10;77;
6775T;Terreno;;Nola;NA;;10;113;
6776T;Terreno;;Nola;NA;;10;268;
6777T;Terreno;;Nola;NA;;8;26;
6778T;Terreno;;Nola;NA;;10;291;
6779T;Terreno;;Nola;NA;;10;191;
6780T;Terreno;;Nola;NA;;10;109;
6781T;Terreno;;Nola;NA;;10;339;
6782T;Terreno;;Nola;NA;;10;54;54/A
6783T;Terreno;;Nola;NA;;10;340;
6784T;Terreno;;Nola;NA;;10;278;
6785T;Terreno;;Nola;NA;;10;53;
6786T;Terreno;;Nola;NA;;10;286;
6787T;Terreno;;Nola;NA;;5;103;
6788T;Terreno;;Nola;NA;;10;60;
6789T;Terreno;;Nola;NA;;10;61;
6790T;Terreno;;Nola;NA;;10;406;
6791T;Terreno;;Nola;NA;;8;171;
6792T;Terreno;;Nola;NA;;5;96;
6793T;Terreno;;Nola;NA;;5;37;
6794T;Terreno;;Nola;NA;;8;30;
6795T;Terreno;;Nola;NA;;10;25;
6796T;Terreno;;Nola;NA;;10;82;
6797T;Terreno;;Nola;NA;;10;298;
6798T;Terreno;;Nola;NA;;10;300;
6799T;Terreno;;Nola;NA;;10;302;
6800T;Terreno;;Nola;NA;;10;142;
6801T;Terreno;;Nola;NA;;10;295;
6802T;Terreno;;Nola;NA;;10;188;
6803T;Terreno;;Nola;NA;;10;164;
6804T;Terreno;;Nola;NA;;10;75;
6805T;Terreno;;Nola;NA;;10;76;
6807T;Terreno;;Nola;NA;;8;19;
6808T;Terreno;;Nola;NA;;8;175;
6809T;Terreno;;Nola;NA;;8;181;
6810T;Terreno;;Nola;NA;;10;55;
6811T;Terreno;;Nola;NA;;10;78;
6812T;Terreno;;Nola;NA;;10;79;
6813T;Terreno;;Nola;NA;;10;283;
6814T;Terreno;;Nola;NA;;10;297;
6815T;Terreno;;Nola;NA;;10;81;
6816T;Terreno;;Nola;NA;;10;299;
6817T;Terreno;;Nola;NA;;10;301;
6818T;Terreno;;Nola;NA;;10;272;
6819T;Terreno;;Nola;NA;;10;35;
6820T;Terreno;;Nola;NA;;8;37;
6821T;Terreno;;Nola;NA;;8;129;
6822T;Terreno;;Nola;NA;;8;135;
6823T;Terreno;;Nola;NA;;10;140;
6824T;Terreno;;Nola;NA;;10;196;
6825T;Terreno;;Nola;NA;;10;208;
6826T;Terreno;;Nola;NA;;8;68;
6827T;Terreno;;Nola;NA;;8;356;
6828T;Terreno;;Nola;NA;;8;28;
6829T;Terreno;;Nola;NA;;8;358;
6830T;Terreno;;Nola;NA;;10;260;
6831T;Terreno;;Nola;NA;;8;29;
6832T;Terreno;;Nola;NA;;10;73;
6833T;Terreno;;Nola;NA;;8;63;
6834T;Terreno;;Nola;NA;;8;167;
6835T;Terreno;;Nola;NA;;10;70;
6836T;Terreno;;Nola;NA;;10;410;
6837T;Terreno;;Nola;NA;;8;22;
6838T;Terreno;;Nola;NA;;8;23;
6839T;Terreno;;Nola;NA;;8;65;
6840T;Terreno;;Nola;NA;;8;66;
6841T;Terreno;;Nola;NA;;8;32;
6842T;Terreno;;Nola;NA;;8;312;
6843T;Terreno;;Nola;NA;;8;314;
6844T;Terreno;;Nola;NA;;8;315;
6845T;Terreno;;Nola;NA;;8;425;
6846T;Terreno;;Nola;NA;;8;21;
6847T;Terreno;;Nola;NA;;5;119;
6848T;Terreno;;Nola;NA;;8;39;
6849T;Terreno;;Nola;NA;;8;338;
6850T;Terreno;;Nola;NA;;8;394;
6851T;Terreno;;Nola;NA;;8;366;
6852T;Terreno;;Nola;NA;;8;397;
6853T;Terreno;;Nola;NA;;8;340;
6854T;Terreno;;Nola;NA;;8;396;
6855T;Terreno;;Nola;NA;;8;368;
6856T;Terreno;;Nola;NA;;8;399;
6857T;Terreno;;Nola;NA;;8;393;
6858T;Terreno;;Nola;NA;;8;327;
6859T;Terreno;;Nola;NA;;8;319;
6860T;Terreno;;Nola;NA;;8;391;
6861T;Terreno;;Nola;NA;;8;325;
6862T;Terreno;;Nola;NA;;8;316;
6863T;Terreno;;Nola;NA;;8;318;
6864T;Terreno;;Nola;NA;;10;58;
6865T;Terreno;;Nola;NA;;10;59;
6866T;Terreno;;Nola;NA;;8;128;
6868T;Terreno;;Nola;NA;;8;41;
6869T;Terreno;;Nola;NA;;8;126;
6870T;Terreno;;Nola;NA;;8;46;
6871T;Terreno;;Nola;NA;;8;49;
6872T;Terreno;;Nola;NA;;8;69;
6873T;Terreno;;Nola;NA;;8;140;
6874T;Terreno;;Nola;NA;;8;52;
6875T;Terreno;;Nola;NA;;8;143;
6876T;Terreno;;Nola;NA;;8;122;
6877T;Terreno;;Nola;NA;;8;36;
6878T;Terreno;;Nola;NA;;8;119;
6879T;Terreno;;Nola;NA;;8;71;
6880T;Terreno;;Nola;NA;;8;186;
6881T;Terreno;;Nola;NA;;8;48;
6883T;Terreno;;Nola;NA;;8;53;
6884T;Terreno;;Nola;NA;;8;27;
6885T;Terreno;;Nola;NA;;8;15;
6886T;Terreno;;Nola;NA;;8;16;
6887T;Terreno;;Nola;NA;;8;40;
6888T;Terreno;;Nola;NA;;8;54;
6889T;Terreno;;Nola;NA;;8;25;
6890T;Terreno;;Nola;NA;;8;12;
6891T;Terreno;;Nola;NA;;8;13;
6892T;Terreno;;Nola;NA;;8;11;
6893T;Terreno;;Nola;NA;;8;62;
6894T;Terreno;;Nola;NA;;5;147;
6895T;Terreno;;Nola;NA;;5;104;
6896T;Terreno;;Nola;NA;;5;107;
6897T;Terreno;;Nola;NA;;5;49;
6898T;Terreno;;Nola;NA;;5;50;
6899T;Terreno;;Nola;NA;;8;83;
6900T;Terreno;;Nola;NA;;10;177;
6901T;Terreno;;Nola;NA;;8;82;
6902T;Terreno;;Nola;NA;;10;71;
6903T;Terreno;;Nola;NA;;10;72;
6904T;Terreno;;Nola;NA;;10;281;
6905T;Terreno;;Nola;NA;;10;80;
6906T;Terreno;;Nola;NA;;5;102;
6907T;Terreno;;Nola;NA;;5;39;
6908T;Terreno;;Nola;NA;;5;44;
6909T;Terreno;;Nola;NA;;5;100;
6910T;Terreno;;Nola;NA;;5;118;
6911T;Terreno;;Nola;NA;;5;35;
6912T;Terreno;;Nola;NA;;5;36;
6913T;Terreno;;Nola;NA;;8;58;
6914T;Terreno;;Nola;NA;;8;57;
6915T;Terreno;;Nola;NA;;8;79;
6916T;Terreno;;Nola;NA;;8;80;
6917T;Terreno;;Nola;NA;;8;81;
6918T;Terreno;;Nola;NA;;8;152;
6919T;Terreno;;Nola;NA;;8;334;
6920T;Terreno;;Nola;NA;;8;336;
6921T;Terreno;;Nola;NA;;8;337;
6922T;Terreno;;Nola;NA;;2;495;
6923T;Terreno;;Nola;NA;;6;1;
6924T;Terreno;;Nola;NA;;5;217;
6925T;Terreno;;Nola;NA;;8;32;
6926T;Terreno;;Nola;NA;;6;4;
6927T;Terreno;;Nola;NA;;5;30;
6928T;Terreno;;Nola;NA;;5;378;
6929T;Terreno;;Nola;NA;;6;7;
6930T;Terreno;;Nola;NA;;5;379;
6931T;Terreno;;Nola;NA;;5;91;
6932T;Terreno;;Nola;NA;;6;36;
6933T;Terreno;;Nola;NA;;5;114;
6934T;Terreno;;Nola;NA;;6;38;
6935T;Terreno;;Nola;NA;;5;113;
6936T;Terreno;;Nola;NA;;5;137;
6937T;Terreno;;Nola;NA;;8;265;
6938T;Terreno;;Nola;NA;;5;167;
6939T;Terreno;;Nola;NA;;5;168;
6940T;Terreno;;Nola;NA;;5;207;
6941T;Terreno;;Nola;NA;;5;208;
6942T;Terreno;;Nola;NA;;5;211;
6943T;Terreno;;Nola;NA;;5;214;
6944T;Terreno;;Nola;NA;;5;215;
6945T;Terreno;;Nola;NA;;5;216;
6946T;Terreno;;Nola;NA;;5;435;
6953T;Terreno;;Acerra;NA;;13;904;
6954T;Terreno;;Acerra;NA;;13;905;
6955T;Terreno;;Acerra;NA;;13;906;
6973T;Terreno;;Eboli;SA;;51;980;
6974T;Terreno;;Eboli;SA;;51;1004;
7105T;Terreno;;Napoli;Na;;102;266;
7106T;Terreno;;Napoli;Na;;102;284;
7107T;Terreno;;Napoli;Na;;102;285;
7108T;Terreno;;Napoli;Na;;102;286;
7109T;Terreno;;Napoli;Na;;102;287;
7110T;Terreno;;Napoli;Na;;102;288;
7114T;Terreno;;Sarno;SA;;18;3116;
7120T;Terreno;;Eboli;Sa;;47;195;
7121T;Terreno;;Eboli;Sa;;47;195;
7194T;Terreno;;Gallicano nel Lazio;RM;;4;12;
7196T;Terreno;;Ercolano;NA;;18;2162;
