CodiceRegione;CodiceASL_AO;CognomeMedico;NomeMedico;IndirizzoStudioMedico_Struttura;CAP;ComuneStudioMedico_Struttura;Provincia
150;207;TORINO;MILENA;VIA PASITEA 18 POLO SOCIO-SANITARIO;84017;POSITANO;SA
150;207;MIRANDA MISSANELLI;SINFOROSA EUNICE;VIA EUROPA 41;84100;PONTECAGNANO FAIANO;SA
150;207;RUGGIERO;GIUSEPPE;VIA G D'ANNUNZIO 39;84091;BATTIPAGLIA;SA
150;207;MAIONE;BIANCAMARIA;VIA Y GAGARIN 35/1;84100;EBOLI;SA
150;207;MIRRA;GELSOMINO;PONTE BARBIERI;84022;CAMPAGNA;SA
150;207;MORCALDI;LUIGI;VIA Y GAGARIN 35/1;84028;EBOLI;SA
150;207;D'ELIA;NICOLA ALFREDO;VIA ROMA 7;84092;BELLIZZI;SA
150;207;FESTA;MARIA ANNUNZIATA;VIA NAPOLI 19;84091;BATTIPAGLIA;SA
150;207;LENZA;ANTONIETTA;VIA FESTOLE;84024;CONTURSI TERME;SA
150;207;FRINO;MICHELINA;CSO GARIBALDI;84020;SAN GREGORIO MAGNO;SA
150;207;PEPE;GIOVANNA;VIA GIAN BERNARDO LAMA 7;84100;SALERNO;SA
150;207;PITTARI;BIAGIO FAUSTO;VIA F P VOLPE 16;84100;SALERNO;SA
150;207;VICINANZA;PIO;C SO GARIBALDI 148;84100;SALERNO;SA
150;207;STRAZIOTA;ANNUNZIATA;VIA TENNASTRI 198;84084;FISCIANO;SA
150;207;RUSSOMANDO;MARCELLA;VIA VIGNADONICA 10;84095;GIFFONI VALLE PIANA;SA
150;207;CRISAFULLI;PAOLA;VIA FERROVIA 70;84085;MERCATO SAN SEVERINO;SA
150;207;IULIANO;PAOLA;VIA DCHIESA 31;84082;BRACIGLIANO;SA
150;207;D'AMATO;NICOLA;VIA DE DIVITIS L5/B;84091;BATTIPAGLIA;SA
150;207;GRECO;NATALIZIA;VIA WILLBURGER 11 - FRAZACCIAROLI;84068;POLLICA;SA
150;207;PALOMBO;GIUSEPPE;VIA FOSSO DI CINZIO 75;84042;ACERNO;SA
150;207;SENATORE;PASQUALE;VIA IORIO 52;84100;MONTECORVINO ROVELLA;SA
150;207;NAPOLITANO;ANTONIO;VIA VENETO 4;84098;PONTECAGNANO FAIANO;SA
150;207;PALMA;FILOMENA;VIA GEN GONZAGA 72;84091;BATTIPAGLIA;SA
150;207;OCCHINEGRO;AURELIO;VIA EUROPA 5;84090;GIFFONI SEI CASALI;SA
150;207;MANGIONE;ARGIA;VIA STARZA 91;84022;CAMPAGNA;SA
150;207;SALVATORE;BRUNO;VIA TALETE 5 - SANTA CECILIA;84025;EBOLI;SA
150;207;SANTIMONE;PASQUALE;VIA AD'ARCO 6;84025;EBOLI;SA
150;207;SCOTESE;IMMACOLATA;VIA BELVEDERE 56/6;84045;ALTAVILLA SILENTINA;SA
150;207;VECCHIO;ENRICO;VIA YGAGARIN 35/1;84025;EBOLI;SA
150;207;CATOIA;ANNA;VIA DEI GRECI 26;84081;BARONISSI;SA
150;207;DE FALCO;MICHELE;CSO GARIBALDI 44;84100;BARONISSI;SA
150;207;CIOFFI;MARIO;VIA FERROVIA 4 - COPERCHIA;84080;PELLEZZANO;SA
150;207;DE VITA;ORNELLA;VIA MATTEO RIPA 28;84091;BATTIPAGLIA;SA
150;207;FERRARA;MATTEO;VIA MENSA 119;84062;OLEVANO SUL TUSCIANO;SA
150;207;ROMEI;LAURA;VIA DEL SOLE 63;84100;SIANO;SA
150;207;AMATO;MARIA ROSARIA;VIA TEMPONE 37;84021;BUCCINO;SA
150;207;BROCCOLETTI;TERESA;VIA PADRE LEONE 7;;ANGRI;SA
150;207;FUIANO;LAURA;VIA BARBAROLA SNC;84070;SAN GIOVANNI A PIRO;SA
150;207;BOCCACCINO;ALFREDO;VIA FIRENZE 16;84069;ROCCADASPIDE;SA
150;207;GAROFFOLO;MARIA CARMELA;VIA CORALLO 37;84016;PAGANI;SA
150;207;ALFANO;MARIA ROSARIA;VIA CALVANESE 8 LANZARA;84083;CASTEL SAN GIORGIO;SA
150;207;FEO;GIANCARLO;CORSO MATARAZZO 31;84048;CASTELLABATE;SA
150;207;PUCA;SILVIA;CSO PISACANE - PALINURO 121;84051;CENTOLA;SA
150;207;MATERAZZI;MATTEO;VLE DELLA REPUBBLICA;84047;CAPACCIO;SA
150;207;BARTIROMO;CARMELA;VLE DELLA REPUBBLICA;84047;CAPACCIO;SA
150;207;DI MASI;MARIA IRENE;VLE DELLA REPUBBLICA;84047;CAPACCIO;SA
150;207;RUOCCO;VITO;VIA BELLINI 17;84043;AGROPOLI;SA
150;207;RIELLO;MARIA;VIA MASCAGNI 9;84043;AGROPOLI;SA
150;207;COBELLIS;MARIA;VIA G MURAT 34;84078;VALLO DELLA LUCANIA;SA
150;207;IANNICELLI;ASSUNTA ANITA;VIA MEZZACAPO;84036;SALA CONSILINA;SA
150;207;FORTE;ANGELO;VIA MEZZACAPO  221/B;84036;SALA CONSILINA;SA
150;207;MONDELLI;SABATO;VIA VESPUCCI 1;84043;AGROPOLI;SA
150;207;GUARRACINO;SANDRA;VLE DELLA REPUBBLICA;84044;CAPACCIO;SA
150;207;CARRAZZA;VITTORIA;VIA CRISTO RE 6;84035;POLLA;SA
150;207;GIUDICE;CATERINA;VKENNEDY 206;84073;SAPRI;SA
150;207;D'AGOSTINO;EMILIA;VIA R  JEMMA  2;84091;BATTIPAGLIA;SA
150;207;MUZZI;GIANLUCA;C/O PRESIDIO GUARDIA MEDICA;84070;ROFRANO;SA
150;207;D'ALVANO;LUIGI BENIGNO;VIA PROVINCIALE;84039;TEGGIANO;SA
150;207;CAGGIANO;GIUSEPPE;VIA CAMPI;84035;POLLA;SA
150;207;TEPEDINO;GIANFRANCO MARIA;VIA PROVINCIALE;84034;PADULA;SA
150;207;GAROFALO;VINCENZO;VIA XI SETTEMBRE;84033;MONTESANO SULLA MARGELLANA;SA
150;207;AVELLINO;NATALIA;VIA LAMA 30;84010;MINORI;SA
150;207;DE FAZIO;EDOARDO;VIA CARMINE 54;84125;SALERNO;SA
150;207;FORMICOLA;ANASTASIA;VIA CORALLO  37;84016;PAGANI;SA
150;207;DI COSMO;NICOLINA;VIA MATTEOTTI 47;84010;SAN MARZANO SUL SARNO;SA
150;207;PISATURO;LUCIA;VIA MONTEGRAPPA;84098;PONTECAGNANO FAIANO;SA
150;207;DI GIUDA;CARMELA;VIA MICHELE PIZONE 9/11;84129;SALERNO;SA
150;207;CARPINELLI;LINDA;VIA FRANCESCO SPIRITO 101 M;84090;SAN MANGO PIEMONTE;SA
150;207;BOCCIA;ELVIRA;VIA MONTEGRAPPA 23;80047;SCAFATI;SA
150;207;D AMARO;MARIA LUISA;VIA C BATTISTI7;84010;SAN MARZANO SUL SARNO;SA
150;207;ROSSI;ESTER;VIA MATTEOTTI28;84087;SARNO;SA
150;207;FASOLINO;ANTONIO;VIA B  ALFANO24-LANZARA;84083;CASTEL SAN GIORGIO;SA
150;207;SATURNO;MARIA;VIA I TR PROL MATTEOTTI 8;84087;SARNO;SA
150;207;SCARPELLINO;BENEDETTO;VIA ROMA;80100;ROCCAPIEMONTE;SA
150;207;SORRENTINO;FELICE ANTONIO LUCIO;VIA NUOVA LAVORATE22 BIS;84087;SARNO;SA
150;207;PRISCO;ANTONIO GIOSUE';VIA SERVETELLE;84010;SAN VALENTINO TORIO;SA
150;207;CERVO;ANTONIETTA;VIA FUSCO12;84016;PAGANI;SA
150;207;MILITO;ANTONIO;PROL C/SO MARCONI55;84013;CAVA DE' TIRRENI;SA
150;207;VIGGIANO;DOMENICO;P ZZA E DE MARINIS10;84013;CAVA DE' TIRRENI;SA
150;207;VERGA;MARIA CARMELA;C SO UMBERTO I -15;84019;VIETRI SUL MARE;SA
150;207;CONTALDO;SALVATORE;VIALE  KENNEDY;84012;ANGRI;SA
150;207;FIUME;MARIA GRAZIA;PROL C/SO MARCONI55;84013;CAVA DE' TIRRENI;SA
150;207;SICURANZA;ROMOLO;VIA ASTUTI121;84014;NOCERA INFERIORE;SA
150;207;FEDERICO;ANNAMARIA;VIA M D'UNGHERIA239;84018;SCAFATI;SA
150;207;PISANI;LUIGI;VIA GCANALI18/A;84019;CAVA DE' TIRRENI;SA
150;207;CESARANO;LUISA;VIA A TORTORA11;84016;PAGANI;SA
150;207;FALIVENE;ANTONELLA;VIA SAN CLEMENTE214;84015;NOCERA SUPERIORE;SA
150;207;DE VINCENZO;ANNA;VIA ROMA12;84100;NOCERA SUPERIORE;SA
150;207;AGRESTA;GILDA;VIA MATTEOTTI30;84014;NOCERA INFERIORE;SA
150;207;PALLADINO;LIDIA;VIA TERZE PARCO SAN  PIETRO;84018;SCAFATI;SA
150;207;SCELZI;BARBARA;VIA L STURZO 3;84018;SCAFATI;SA
150;207;ALESSANDRO;BARBARA;C SO V EMANUELE 129;84014;NOCERA INFERIORE;SA
150;207;LEMBO;ROBERTO;VIA PLAVA 70;84091;BATTIPAGLIA;SA
150;207;MANDIA;FRANCO;PIAZZA NICOTERA 6 SALERNO;84100;SALERNO;SA
150;207;BASILIO;GIOVANNI;VIA SCIARAFFIA 9  SALERNO;84100;SALERNO;SA
150;207;MUSSARI;GIUSEPPINA;VIA ARCE  40;84100;SALERNO;SA
150;207;FEDELE;ROSSELLA;VIA R  DI PALO2;84100;SALERNO;SA
150;207;DE VITA;SERGIO;VIAP  GRISIGNANO 15 SALERNO;84100;SALERNO;SA
150;207;D'EMMA;ALFONSO;C/SO VITT EMANUELE14;84085;MERCATO SAN SEVERINO;SA
150;207;SCHIRONE;ESTER;VIA DEL CENTENARIO58;84084;FISCIANO;SA
150;207;CORALLUZZO;MARTINO;GARIBALDI 15;84092;BELLIZZI;SA
150;207;D'ALESSIO;NORMA;VIA SARNO-STRIANO;84087;SARNO;SA
150;207;GIORDANO;SALVATORE;VIA ORAZIO 97;84010;SANT'EGIDIO DEL MONTE ALBINO;SA
150;207;IOVENE;VINCENZO;VIA A DE GASPERI N 1;84018;SCAFATI;SA
150;207;SESSA;GIUSEPPA;VIA CUCCI N  82;84086;NOCERA INFERIORE;SA
150;207;FLORIO;GIUSEPPE;VICO MASANIELLO;84011;AMALFI;SA
150;207;DI PALMA;FRANCESCO;VIA DELLA RESISTENZA 20;84018;SCAFATI;SA
150;207;VACCARO;GIOVANNA;VIA PADRE LEONE REDENTORISTA;84012;ANGRI;SA
150;207;SALOMONE;BIAGIO;VIA A SORRENTINO6;84013;CAVA DE' TIRRENI;SA
150;207;FALCONE;ANNAMARIA;VIA POSEIDONIA 31;84100;PONTECAGNANO FAIANO;SA
150;207;BONADIES;LUCIA;VIA VELIA 63  SALERNO;84100;SALERNO;SA
150;207;DI GILIO;ANDREA;VIA LUIGI CACCIATORE 21 SALERNO;84100;SALERNO;SA
150;207;MINICHINO;ANNA MARIA;VIA TRENTO  39;84100;SALERNO;SA
150;207;BUCCINO;CARMELA;PIAZZA DE VITA 7;84091;BATTIPAGLIA;SA
150;207;DE CARO;MARIA ANGELA;VIA MAZZINI 116;84091;BATTIPAGLIA;SA
150;207;SALSANO;MARIO;PIAZZA E DE MARINIS10;84013;CAVA DE' TIRRENI;SA
150;207;SMALDONE;GIOVANNA;C SO V EMANUELE;84012;ANGRI;SA
150;207;VICIDOMINI;MARGHERITA;PIAZZA DIAZ14;84014;NOCERA INFERIORE;SA
150;207;STILE;VINCENZO;VIA CADUTI DI SUPERGA42;84014;NOCERA INFERIORE;SA
150;207;FUSCO;GIUSEPPE ANTONIO RAFFAELE;VIA CASA MANNINI 7;84010;MAIORI;SA
150;207;PEZZULO;CLARA;VIA BRIG D'ANNA66;84012;ANGRI;SA
150;207;MONGIBELLO;ANNA-PIA;C SO PADOVANO31;84016;PAGANI;SA
150;207;DE VITA;CARMEN SABATINA;VIA A RUBINO 256;84078;VALLO DELLA LUCANIA;SA
150;207;BORTONE;LAURA;VIA MADONNA DELLA NEVE;84070;MONTANO ANTILIA;SA
150;207;PACIFICO;ANTONELLA;VIA NAZIONALE - SCALO 239;84060;OMIGNANO;SA
150;203;DI COSMO;GIUSEPPINA;PIAZZA MUNICIPIO PALAZZO VESCOVILE;;ALIFE;CE
150;203;BASILICATA;ANGELO MARIA PATRIZIO;PIAZZA VALLETTA;;ARIENZO;CE
150;203;TAMBARO;PAOLO;VIA LEONARDO DA VINCI 66;;AVERSA;CE
150;203;MOLFETTA;LETIZIA;VIALE EUROPA 132;;AVERSA;CE
150;203;STABILE;DONATELLA;VIA GRAZIA DELEDDA 5;;AVERSA;CE
150;203;GALZERANO;GIUSEPPA;VIA ETTORE CORCIONI 51;;AVERSA;CE
150;203;DI MAURO;GIUSEPPE;VIA SALVATORE DI GIACOMO 20;;AVERSA;CE
150;203;FREDA;PANCRAZIO;VIALE KENNEDY 124;;AVERSA;CE
150;203;FATTORE;STANISLAO;VIA LUCA GIORDANO 16;;AVERSA;CE
150;203;SCIALDONE;ANTONIO;VIA MICELI 14;;BELLONA;CE
150;203;DE CESARE;STEFANO;;;CAIAZZO;CE
150;203;VOLPICELLI;MONICA;VIA L A FUOCO 12;;CALVI RISORTA;CE
150;203;FERRI;PASQUALINA;VIA SETTEMBRINI   15  I PIANO;;CANCELLO ED ARNONE;CE
150;203;NEGRO;CATERINA;VIA ACCONCIA 45;;CAPODRISE;CE
150;203;CORVINO;CECILIA;VIA SANTACROCE 131;;CAPODRISE;CE
150;203;DE SANTIS;ANGELA;VIA NAPOLI 1;;CAPUA;CE
150;203;PREZIOSO;CIRO;PZZA S TOMMASO D'AQUINO 3;;CAPUA;CE
150;203;DI CAPRIO;ANNA;VIA XXIV MAGGIO N 3;;CARINARO;CE
150;203;SIANO;MASSIMO;VIA IV NOVEMBRE 64;;CARINOLA;CE
150;203;TARABUSO;ANNA;VIA SCROCE1;;CASAGIOVE;CE
150;203;BASILE;PAOLA;VIA GENOVA1;;CASAGIOVE;CE
150;203;IOVINE;CATERINA;VIA BACH N6;;CASAL DI PRINCIPE;CE
150;203;FERRAIUOLO;MAURIZIO;VIA CROCE 100;;CASAL DI PRINCIPE;CE
150;203;CORONELLA;ANGELO;VIA VATICALE 135;;CASAL DI PRINCIPE;CE
150;203;IOVINE;RAFFAELE ANTONIO;VIA DANTE 21;;CASALUCE;CE
150;203;DE ROSA;ORESTE;PIAZZA PETRILLO 16;;CASAPESENNA;CE
150;203;LAURITANO;CLAUDIO;VIA RICCIARDELLI41;;CASERTA;CE
150;203;DE CIUTIIS;CONCETTA;VIA FERRARECCE89;;CASERTA;CE
150;203;MARCHESIELLO;ANTONELLA;VIA MARCHESIELLOPCO FRANCESCA;;CASERTA;CE
150;203;SORANO;ANGELA;VIA FRENELLA91;;CASERTA;CE
150;203;PUOCCI;MARIA PAOLA;VIA BRAMANTE19 PCO GABRIELLA;;CASERTA;CE
150;203;PETRAZZUOLI;GIOVANNI;VIA WILLY BRANDT PCO ELLISSE;;CASERTA;CE
150;203;ANTONUCCI;ELEONORA;CORSO TRIESTE42;;CASERTA;CE
150;203;MARTINELLI;RICCARDO;CORSO TRIESTE116;;CASERTA;CE
150;203;PERONE;PAOLO;CORSO TRIESTE209;;CASERTA;CE
150;203;SANFILIPPO;LOREDANA;VIA DEGLI OLEANDRI  25 PMARE;;CASTEL VOLTURNO;CE
150;203;SASSO;PASQUALE;VIALE VASARI  8 - BAIA VERDE;;CASTEL VOLTURNO;CE
150;203;CICCARELLI;GIUSEPPE;VIA DOMITIANA  KM 33050;;CASTEL VOLTURNO;CE
150;203;DEL GIUDICE;GIUSEPPINA;VIA PIAVE 40;;CESA;CE
150;203;ROSSI;GIULIANA;VIA DANTE ALIGHIERI 20/A;;CURTI;CE
150;203;FALCONE;ELIDE;;;FRIGNANO;CE
150;203;CAIANIELLO;ANTONELLA;VIA BATTISTI 80;;GRAZZANISE;CE
150;203;D'ALFONSO;CATERINA;VIA PIRANDELLO 3;;GRICIGNANO DI AVERSA;CE
150;203;ANDREOLI;SAVERIO;VIA ALDO MORO 18;;GRICIGNANO DI AVERSA;CE
150;203;COSTANZO;NICOLA;VIA MACEDONIA 35;;LUSCIANO;CE
150;203;MARINIELLO;LORENZO;VIA DELLE CAMELIE 1;;LUSCIANO;CE
150;203;DE FELICE;EUGENIO;VIA MATTEOTTI 6;;MACERATA CAMPANIA;CE
150;203;MARIANO;SALVATORE;VIA PONTE CAROLINO 7;;MADDALONI;CE
150;203;TRAPASSI;CARLA;VIA NINO BIXIO ANGOLO VIA CONCEZIONE;;MADDALONI;CE
150;203;FEMIANO;ELISA;VIA NAPOLI 166;;MADDALONI;CE
150;203;DE MAGGIO;MAURIZIO;VIA PONTE CAROLINO 7;;MADDALONI;CE
150;203;MANFREDONIA;ANTONIETTA;VIA COSTANZI 6;;MADDALONI;CE
150;203;DE LUCIA SPOSITO;PELLEGRINO;VIA F DE ANGELIS 28;;MADDALONI;CE
150;203;MEROLA;CARMELA;VIA PONTE CAROLINO 7;;MADDALONI;CE
150;203;ARGENZIANO;ALESSANDRO;VIA DIAZ 6;;MARCIANISE;CE
150;203;COLETTA;MAURIZIO;VIA SAN GIULIANO 199;;MARCIANISE;CE
150;203;NAPOLANO;FRANCESCO;VIA TREVISO 3;;MARCIANISE;CE
150;203;GALDO;MIRIAM;VIA N GAGLIONE 82;;MARCIANISE;CE
150;203;LONGO;DORIANA;VIA COLOMBO 21;;MARCIANISE;CE
150;203;MORETTA;GAETANO;VIA CARDUCCI 3;;MARCIANISE;CE
150;203;ESPOSITO;VALENTINA;VIA RESPIGHI 18;;MARCIANISE;CE
150;203;LAGRASTA;URANIA ELISABETTA;CORSO UMBERTO I;;MIGNANO MONTE LUNGO;CE
150;203;CONTE;UGO ALFREDO;VIA COSTANTINO IMPERATORE 1;;MONDRAGONE;CE
150;203;CORVINO;VINCENZO COSTANTIN;C/SO UMBERTO 67;;MONDRAGONE;CE
150;203;MINIELLO;FERNANDO;VIA DOMITIANA 270;;MONDRAGONE;CE
150;203;DI MICCO;PASQUA;VIA VANVITELLI 13;;ORTA DI ATELLA;CE
150;203;LETTIERO;TERESA;VIA NAPOLI N 33;;ORTA DI ATELLA;CE
150;203;CIRILLO;FRANCESCA;VIA PETRARCA N 10;;ORTA DI ATELLA;CE
150;203;CARRANO;ELENA MARIA;VIA TOSCANINI 49;;ORTA DI ATELLA;CE
150;203;BRUNESE;FRANCESCO PAOLO;VIA GRAMSCI N 1;;ORTA DI ATELLA;CE
150;203;FALCO;PIETRO;VIA MARCONI 203;;PARETE;CE
150;203;LIPPOLIS;ESTERINA;VIA SANNITICA    1;;PIEDIMONTE MATESE;CE
150;203;IANNOTTA;EMILIO;VIA SANNITICA 1;;PIEDIMONTE MATESE;CE
150;203;SANTORO;GIUSEPPINA;VIA SANNITICA 1;;PIEDIMONTE MATESE;CE
150;203;DI MENZA;CARMELA;VIA ANGELONE 24-26;;PIETRAMELARA;CE
150;203;RUSSO;MARIA ROSARIA;VIA SEUCE 4;;PIGNATARO MAGGIORE;CE
150;203;RICCIO;MARISA;;;PONTELATONE;CE
150;203;PICCOLO;STEFANO;VIA CADUTI SUL LAVORO 10;;PORTICO DI CASERTA;CE
150;203;FUSCO;TERESA;VIA MARCONI 8;;RECALE;CE
150;203;CAPPELLO;ANTIMO;PIAZZA NAMORE;;ROCCAMONFINA;CE
150;203;URSOMANNO;GIUSEPPINA;VIA ACQUARO 83;;SAN CIPRIANO D'AVERSA;CE
150;203;CAPONE;DOMENICO;CORSO UMBERTO 146;;SAN CIPRIANO D'AVERSA;CE
150;203;DELLE CAVE;ROSARIA;VIA NAPOLI N34(PROF MANNA);;SAN FELICE A CANCELLO;CE
150;203;LARDARO;NUNZIO;VIA ELEVATA PAL PASSARIELLO);;SAN FELICE A CANCELLO;CE
150;203;SAGLIOCCO;GAETANO;VIA NAPOLI 25;;SAN MARCELLINO;CE
150;203;PIANESE;ERMINIA;VIA TORINO 3;;SAN MARCELLINO;CE
150;203;CAROZZA;ARCANGELO;VIA SAN MARCO VECCHIO 6;;SAN MARCO EVANGELISTA;CE
150;203;PANE;LORENZO;VIA DEI MILLE11;;SAN NICOLA LA STRADA;CE
150;203;D'AMBROSIO;GABRIELLA;PCO SMARINO;;SAN NICOLA LA STRADA;CE
150;203;MADONNA;ANNA;VIALE CARLO III PSCAC;;SAN NICOLA LA STRADA;CE
150;203;PALUMBO;CIRO;VIA PIETRO NENNI 55;;SAN PRISCO;CE
150;203;STICCO;MAURA;VIA MICHELE MONACO 89;;SAN PRISCO;CE
150;203;SGAMBATO;CAMILLA;VIA FERDINANDO I D'ARAGONA;;SANTA MARIA A VICO;CE
150;203;BARBATO;FRANCESCO;VIA APPIA ANTICA N318;;SANTA MARIA A VICO;CE
150;203;RUSSO;ANNA MARIA CARMELA;VIA DEL LAVORO 133;;SANTA MARIA CAPUA VETERE;CE
150;203;LONGOBARDI;GIUSEPPE;VIA DEL LAVORO 133;;SANTA MARIA CAPUA VETERE;CE
150;203;D'ANGELO;ANTONIO;VIA TOGLIATTI 32;;SANTA MARIA CAPUA VETERE;CE
150;203;CASTIELLO D'ANTONIO;MAURIZIO;VIA DEL LAVORO 133;;SANTA MARIA CAPUA VETERE;CE
150;203;GUIDO;VINCENZA;VIA DEGLI ORTI II TRAVERSA 6;;SANTA MARIA CAPUA VETERE;CE
150;203;OREFICE;ANNAMARIA;VIA MONTALE N 20;;SANT'ARPINO;CE
150;203;CAPASSO;MARIA;VIA GEMITO N 11;;SANT'ARPINO;CE
150;203;FAZZONE;ANTONIO;VIA FREDA;;SESSA AURUNCA;CE
150;203;DI MARCO;CLEONICE;VIA GIORDANO BRUNO 1;;SESSA AURUNCA;CE
150;203;DI MEO;FRANCESCO;VIA OSPEDALE 20;;SESSA AURUNCA;CE
150;203;SCOTTI;ROBERTO;VIA XXI LUGLIO;;SESSA AURUNCA;CE
150;203;MEROLA;CECILIA;VIA DE RENZIS 37;;SPARANISE;CE
150;203;BECCHIMANZI;RAFFAELE;VIA R VIVIANI 2;;SUCCIVO;CE
150;203;PUCA;MARIA ROSARIA;VIALE EUROPA-POGGIO AL SOLE;;TEANO;CE
150;203;MEROLLA;FRANCESCO;VIA MADONNA DEL CARMINE N� 49;;TEANO;CE
150;203;D'URSO;LUIGI;VIA ROSSI 8;;TEANO;CE
150;203;PERRINELLA;GIOVANNA;VI TRAV PROVINCIALE TEV CASALU;;TEVEROLA;CE
150;203;GRAZIANO;FRANCESCO;VIA PROVINCIALE IV TRAVERSA;;TEVEROLA;CE
150;203;MOTTOLA;LORENZO;VIALE DEI FIORI 5;;TRENTOLA DUCENTA;CE
150;203;MARINO;ANTONIO;VIA 4 NOVEMBRE 155;;TRENTOLA DUCENTA;CE
150;203;DI SANTO;GIUSEPPE;VIA MARCONI 46;;TRENTOLA DUCENTA;CE
150;203;D'AMBROSIO;GIOVANNA;VIA IV NOVEMBRE 155;;TRENTOLA DUCENTA;CE
150;203;MASSIMO;CARMELA;VIA SANTAGATA 137;;VILLA DI BRIANO;CE
150;203;UCCIERO;MARIA GIUSEPPA;VIA ROMA 74;;VILLA LITERNO;CE
150;203;LAGNESE;ORSOLA MARIA CONCETTA;VIA MICELI 14;;VITULAZIO;CE
150;205;GUIDA;LUCIO;VIA GIULIO CESARE 135;80070;BACOLI;NA
150;205;SCHIATTARELLA;FABRIZIO;VIA MONTERUSCELLO 44/A;80078;POZZUOLI;NA
150;205;ROSA;ANNA PATRIZIA;VIA GIULIO CESARE 135;80070;BACOLI;NA
150;205;RAINERI;LUCA;VIA DELL'INDIPENDENZA4;80028;GRUMO NEVANO;NA
150;205;FRANCO;MARIA TERESA;CORSO  MICHELANGELO 188;80029;SANT'ANTIMO;NA
150;205;DI LORENZO;RAFFAELE;VIA LAVA 3;80029;SANT'ANTIMO;NA
150;205;CHIACCHIO;MARIA;VIA CIMMINO31;80028;GRUMO NEVANO;NA
150;205;BORZACCHIELLO;FRANCESCO;CORSO UNIONE SOVIETICA 80;80029;SANT'ANTIMO;NA
150;205;AVINO;GIOVANNA;PZZA DELLA REPUBBLICA42;80029;SANT'ANTIMO;NA
150;205;D'ERRICO;UBALDO;VIA CBATTISTI18;80028;GRUMO NEVANO;NA
150;205;PASTORE;IMMA;CORSO ITALIA 285;80010;QUARTO;NA
150;205;DEL ZOTTI;FRANCESCO;KENNEDY 71;80010;QUARTO;NA
150;205;MURO;VINCENZO;VIA V EMANUELE180;80079;PROCIDA;NA
150;205;VAN DEN HEUVEL;JEANINE MARIA JOHAN;C/SO ITALIA 383;80010;QUARTO;NA
150;205;NAPOLI;MARIO;CASACELLE PCO DELLE VIOLE C 10;80014;GIUGLIANO IN CAMPANIA;NA
150;205;LONGOBARDI;LUIGI;CORSO ITALIA 285;80010;QUARTO;NA
150;205;DI MARZO;ROSARIA;CORSO ITALIA 285;80010;QUARTO;NA
150;205;VITALE;ANTONIO;VIA DELLE ROSE 44;80023;CAIVANO;NA
150;205;VIOLA;ROSANNA;CORSO UMBERTO223;80023;CAIVANO;NA
150;205;SANNINO;CIRO;VIA SONNAMBULA 9;80023;CAIVANO;NA
150;205;FERRARO;LINDA;CORSO UMBERTO225;80023;CAIVANO;NA
150;205;VENDITTO;PASQUALE;CORSO ITALIA 285;80010;QUARTO;NA
150;205;NAPOLITANO;LUCIA;VIA MAZZINI2;80011;ACERRA;NA
150;205;GENTILE;MASSIMO;CSO UMBERTO I- 175;80013;CASALNUOVO DI NAPOLI;NA
150;205;MAIELLO;RAFFAELE;VIA TRIESTE E TRENTO7;80021;AFRAGOLA;NA
150;205;LISBINO;MARIA;PIAZZA ATELLA;80027;FRATTAMINORE;NA
150;205;LOSCO;RAFFAELE;VIA A BELVEDERE 97;80024;CARDITO;NA
150;205;MIELE;CONSIGLIA;VIA SD'ACQUISTO 12;80022;ARZANO;NA
150;205;DE ROSA;ELENA;VIA GENOINO 72;80027;FRATTAMAGGIORE;NA
150;205;MUSMARRA;FRANCESCA;VIA DI VITTORIO P/CO DEI PRINCIPI 8;80026;CASORIA;NA
150;205;SALZANO;SANTO;VIA SAN MARCO 135;80021;AFRAGOLA;NA
150;205;BALIS;JORGHIA;VIA VENEZIA12;80021;AFRAGOLA;NA
150;205;BARBATO;ERMINIA;VICO V DURANTE223;80027;FRATTAMAGGIORE;NA
150;205;PENSATI;PASQUALINA;VIA RISORGIMENTO19/B;80021;AFRAGOLA;NA
150;205;RUSSO;TOMMASINA SILVIA;VIA ARMANDO DIAZ N32;80026;CASORIA;NA
150;205;SALZANO;VINCENZO;VIA EAMARIO6;80021;AFRAGOLA;NA
150;205;VASCONE;ALFREDO;I TRAV GIOLITTI3;80027;FRATTAMAGGIORE;NA
150;205;CREDENDINO;MARIA ROSARIA;VIA BELLINI56;80021;AFRAGOLA;NA
150;205;CRISTIANO;AUDREY MARIA;VIA CACCIAPUOTI 24;80078;POZZUOLI;NA
150;205;MARIGLIANO;ASSUNTA EDMA;VIA ROSSELLI 43;80019;QUALIANO;NA
150;205;MARRONE;NICOLA;VIALE TURATI PCO FIORITO;80014;GIUGLIANO IN CAMPANIA;NA
150;205;MARTINO;INCORONATA;CSO UMBERTO I PARCO FIORDALISI;80013;CASALNUOVO DI NAPOLI;NA
150;205;NAPOLITANO;ELENA;VIA DOMITIANA 12;80078;POZZUOLI;NA
150;205;NEGRI;LAURA;VIA PROVINCIALE FRATTA 10;80020;CRISPANO;NA
150;205;ESPOSITO;MARIA;VIA  ADA NEGRI20/A;80018;MUGNANO DI NAPOLI;NA
150;205;DI PAOLA;CARMINE;VIA SAN GIOVANNI BOSCO 16 C;80026;CASORIA;NA
150;205;ESPOSITO;PATRIZIA;VIA MANZONI71;80026;CASORIA;NA
150;205;ESPOSITO;VALERIA;VIA MANZONI71;80026;CASORIA;NA
150;205;FALCO;MICHELE;VIA SACCO E VANZETTI 6;80027;FRATTAMINORE;NA
150;205;GRILLO;GIACOMO;VIA RISORGIMENTO19 B;80021;AFRAGOLA;NA
150;205;IZZO;NICOLA ANTONIO;VIA D MOCERINO19;80021;AFRAGOLA;NA
150;205;GUGLIELMO;CLORINDA;CSO UMBERTO I  N5;80016;MARANO DI NAPOLI;NA
150;205;RASULO;VIVIANA;CSO GARIBALDI 50;80070;MONTE DI PROCIDA;NA
150;205;AJELLO;ROBERTA;VIA ROMA 348;80017;MELITO DI NAPOLI;NA
150;205;ALBANO;FABIO;VIA VITTORIO VENETO;80014;GIUGLIANO IN CAMPANIA;NA
150;205;AMENDOLA;EMILIA;PIROZZI24;80027;FRATTAMAGGIORE;NA
150;205;ANATRIELLO;CARMEN;CSO CARLO ALBERTO 130;80025;CASANDRINO;NA
150;205;ARCOPINTO;EMMA;VIA PALESTRO 4;80011;ACERRA;NA
150;205;CAFIERO;MAURIZIO;VIA ROSSELLI37;80019;QUALIANO;NA
150;205;DONADIO;PATRIZIA;VIA AARTIACO 1/C;80078;POZZUOLI;NA
150;205;EL GHAITH;MOHAMMAD ALI TALEB;VIA VERDI 38;80013;CASALNUOVO DI NAPOLI;NA
150;205;ELMESE;LUIGIA;VICO 3 VITTORIO6;80027;FRATTAMAGGIORE;NA
150;205;ESPOSITO;MARINA FRANCESCA;VIA GGIGANTE39;80020;CASAVATORE;NA
150;205;FIORETTO;EMMA;VIA G DI VITTORIO 123 PCO ALBA;80019;QUALIANO;NA
150;205;GIGANTE;MARIO ROSARIO;VIA PISCINA MIRABILE 19;80070;BACOLI;NA
150;205;GIULIANO;FRANCESCA;CORSO GARIBALDI2;80011;ACERRA;NA
150;205;GRANATA;MARIO;VIA  S ROCCO  52;80016;MARANO DI NAPOLI;NA
150;205;GRANATA;MARCO;VIA BARRACCANO 16;80014;GIUGLIANO IN CAMPANIA;NA
150;205;IMPAGLIAZZO;NICOLA;VIA L MAZZELLA 186;80077;ISCHIA;NA
150;205;LETTERA;PATRIZIA;VIA CIAMAROSA;80010;QUARTO;NA
150;205;MAZZEI;MARIA ROSARIA;VIA RANUCCI N6 SCB III P;80016;MARANO DI NAPOLI;NA
150;205;NITSCH;PAOLA;CORSO UMBERTO I 494;80013;CASALNUOVO DI NAPOLI;NA
150;205;PERRUNO;ASSUNTA;VIA SAVIANO1;80022;ARZANO;NA
150;205;REA;BERNARDINO;VIA SIGNORELLI 32;80017;MELITO DI NAPOLI;NA
150;205;SCIBELLI;FORTUNATA;VIA NAZ DELLE PUGLIE N130;80026;CASORIA;NA
150;205;LEPORE;ANTONIO;MAD DEL PANTANO EX 68 82;80014;GIUGLIANO IN CAMPANIA;NA
150;205;CALISE;GIACINTO;CSO ANGELO RIZZOLI 90  -  VIA MAZZELLA 186 ISCHIA;80076;LACCO AMENO;NA
150;205;ALVIGGI;GIULIANA;VIA A C CAMPANA 57;80019;QUALIANO;NA
150;205;BATTISTA;ANNA;VIA SAN ROCCO 100;80016;MARANO DI NAPOLI;NA
150;205;BIANCO;VINCENZO;VIA CARANNANTE 16;80070;BACOLI;NA
150;205;CASINI;GIULIANA;CORSO UMBERTO I N 5;80016;MARANO DI NAPOLI;NA
150;205;STANCO;ANGELINA;VIA CAP PELLEGRINO N21;80010;VILLARICCA;NA
150;205;TEDESCO;MARIANGELA;VIA SICILIA43;80021;AFRAGOLA;NA
150;205;TOSCANO;ENNIO;CORSO EUROPA 369;80017;MELITO DI NAPOLI;NA
150;205;BRESSI;ANTONIO;VIA SIGNORELLI 34;80017;MELITO DI NAPOLI;NA
150;205;CASTIGLIONE;ORNELLA;VIA ROSSELLI37;80019;QUALIANO;NA
150;205;CERVONE;FILOMENA;VIA TASSO 4;80011;ACERRA;NA
150;205;FERRARA;ALESSANDRO;VIA CONSOLARE CAMPANA 291-CORSO ITALIA 727 PARCO DIANA;80010;VILLARICCA;NA
150;205;GENTILE;LUIGI;VIA SAN GIOVANNI BOSCO 16 A;80026;CASORIA;NA
150;205;GRAZIANO;LIBERATORE;VIA ARMANDO DIAZ N32;80026;CASORIA;NA
150;205;IACCARINO;EUGENIO;VIALE PCO NOCE 10;80014;GIUGLIANO IN CAMPANIA;NA
150;205;IASEVOLI;SALVATORE;VIA MAZZINI  2;80011;ACERRA;NA
150;205;LA VECCHIA;MARIA TERESA;VIA RANUCCI N6 SCB III P;80016;MARANO DI NAPOLI;NA
150;205;LAMANNA;SERGIO;VIA VITTORIO VENETO;80014;GIUGLIANO IN CAMPANIA;NA
150;205;LECORA;MARGHERITA;VIA CAMPOSCINO112;80014;GIUGLIANO IN CAMPANIA;NA
150;205;LUCIANO;TERESA;VIA VERDI 38;80013;CASALNUOVO DI NAPOLI;NA
150;205;MASTRULLO;FRANCESCO;VIA V EMANUELE  66;80013;CASALNUOVO DI NAPOLI;NA
150;205;MAZZARELLA;VITTORIANO;VIA ARTIACO 1/C;80078;POZZUOLI;NA
150;205;METAFORA;PATRIZIA;VIA ARTIACO 1/C;80078;POZZUOLI;NA
150;205;MONACO;ALBERTO;VIA VITTORIO VENETO;80014;GIUGLIANO IN CAMPANIA;NA
150;205;PISCOPO;GIOVANNA;VIA MAZZINI77;80022;ARZANO;NA
150;205;PIZZA;AUTILIA;VIA S RIEMMA 9;80011;ACERRA;NA
150;205;RUCCI;ANNA;VIA D'ACQUISTO12/16;80022;ARZANO;NA
150;205;STANZIONE;MARIA;CSO UMBERTO I N37 PCO LISA  IS3;80013;CASALNUOVO DI NAPOLI;NA
150;205;STELLATO;ORNELLA;VIA CONTE MIRABELLI 84;80012;CALVIZZANO;NA
150;205;TOZZI;ARTURO;VIA AMENDOLA 5;80023;CAIVANO;NA
150;205;VITTORIA;LORENZA;VIA CARLO ROSINI 40;80078;POZZUOLI;NA
150;205;BORINO;LYDIA;VIA DIAZ 39;80011;ACERRA;NA
150;205;CAPUANO;VINCENZO;VIA MONTERUSCELLO 44;80078;POZZUOLI;NA
150;205;CAPUTO;ANTONIO;CSO UMBERTO I 548;80013;CASALNUOVO DI NAPOLI;NA
150;205;CASTALDO;ANNUNZIATA;VIA SD'ACQUISTO 12;80022;ARZANO;NA
150;205;DI DONATO;FILOMENA;VIA SAN ROCCO 100;80016;MARANO DI NAPOLI;NA
150;205;DI GIUSEPPE;FRANCESCA;VIA COLONNE 48/1;80014;GIUGLIANO IN CAMPANIA;NA
150;205;DI GRUTTOLA;GIUSEPPE;VIA CIMMINO36;80028;GRUMO NEVANO;NA
150;205;GALLO;PATRIZIA;VIA CONTE MIRABELLI 23;80012;CALVIZZANO;NA
150;205;GRASSO;MODESTINA;VIA CASSINI 13;80014;GIUGLIANO IN CAMPANIA;NA
150;205;NARDO;SEVERINO;CORSO ITALIA199/A;80010;VILLARICCA;NA
150;205;PIGNATELLI;ANTONIO;VIA ADRIANO 3;80078;POZZUOLI;NA
150;205;AMATO;GIOVANNA;VIA MANZONI 71ARPINO-VIA G DI VITTORIO3;80026;CASORIA;NA
150;205;AMELIO;ADRIANA;PZZA ROSSELLI N19;80019;QUALIANO;NA
150;205;CALI';TINA;LABRIOLA 1;80014;GIUGLIANO IN CAMPANIA;NA
150;205;CAMPANILE;CLOTILDE;VIA MAZZINI  2;80011;ACERRA;NA
150;205;GALASSO;MIRELLA;VIA  SAN ROCCO 100;80016;MARANO DI NAPOLI;NA
150;205;GUIDA;SALVATORE;VIA CAMPOSCINO 112;80014;GIUGLIANO IN CAMPANIA;NA
150;205;SERVODIDIO;CARMELA;VIA NAPOLI 112;80010;VILLARICCA;NA
150;205;SILANO;GIANCARLO;VIA SIGNORELLI 34;80017;MELITO DI NAPOLI;NA
150;205;CIMMINO;LUIGI;VIA SIGNORELLI 32;80017;MELITO DI NAPOLI;NA
150;205;COLELLA;SALVATORE;VIA PROVINCIALE PANZA SUCCHIVO 45;80070;SERRARA FONTANA;NA
150;205;COCCHIARA;SERGIO;VIA NUOVO  LICOLA PATRIA 105/6;80078;POZZUOLI;NA
150;205;COSTIGLIOLA;CONCETTA;VIA A DE CURTIS 46;80078;POZZUOLI;NA
150;205;CRISPINO;VINCENZO;VLE DELLA  REPUBBLICA 3;80010;VILLARICCA;NA
150;205;DE CHIARA;FRANCESCO;VIA ADA NEGRI 20/A;80018;MUGNANO DI NAPOLI;NA
150;205;DEL BASSO;GIULIANA;CSO MEDITERRANEO 10;80016;MARANO DI NAPOLI;NA
150;205;CIARLA;CARLA;7�VIALE  PARCO NOCE 10;80014;GIUGLIANO IN CAMPANIA;NA
150;205;DE MAGISTRIS;TIZIANA MARIA;VIA LAGO TRASIMENO 19;80017;MELITO DI NAPOLI;NA
150;205;ABATE;CARMELA;VIA MAZZINI77;80022;ARZANO;NA
150;205;CARAMIELLO;ADELE;RIPUARIA 74;80014;GIUGLIANO IN CAMPANIA;NA
150;205;CARPINO;ANTONIO;VIA SAN GIOVANNI BOSCO 16/C;80026;CASORIA;NA
150;205;CIOFFI;LUIGI;VIA ARTIACO1/C;80078;POZZUOLI;NA
150;205;COLOSIMO;RAFFAELE;VIA SICILIA 45;80021;AFRAGOLA;NA
150;205;D'AMBRA;RAFFAELE;VIA ROMA4;80075;FORIO;NA
150;205;D'ATTI;CLAUDIO;VII VIALE PCO NOCE 10;80014;GIUGLIANO IN CAMPANIA;NA
150;205;D'AVOLIO;GIULIA;VIA ALESSANDRO MANZONI 71;80026;CASORIA;NA
150;205;PARRELLA;GIOVANNI;VIA ADRIANO 6;80078;POZZUOLI;NA
150;205;ROMANO;SALVATORE;VIA LEONARDO MAZZELLA 186;80077;ISCHIA;NA
150;205;RUSSO;MARIA;VIA GIUSEPPE DI VITTORO  N9;80014;GIUGLIANO IN CAMPANIA;NA
150;205;SEO;ANNA;POGGIO VALLESANA PZO CAMELIA;80016;MARANO DI NAPOLI;NA
150;205;AMATO;ANNA;VIA V EMANUELE III  68;80013;CASALNUOVO DI NAPOLI;NA
150;205;AMOROSO;RICCARDO;PIAZZA XXX LUGLIO 8;80020;CASAVATORE;NA
150;205;AUCIELLO;AURORA;A LABRIOLA  2;80014;GIUGLIANO IN CAMPANIA;NA
150;205;CALANDRO;ADELE;VIA NAPOLI 172;80018;MUGNANO DI NAPOLI;NA
150;205;CHIANESE;MICHELINA;VIA SALVO D'ACQUISTO 16;80022;ARZANO;NA
150;205;CHIERCHIA;SALVATORE;VIA ROMA  137;80013;CASALNUOVO DI NAPOLI;NA
150;205;TROFA;GIUSEPPE;VIA ROMA1VIA PROV PANZA 327;80070;BARANO D'ISCHIA;NA
150;205;VALLEFUOCO;GIANNAMARIA;VIA ADA NEGRI20/A;80018;MUGNANO DI NAPOLI;NA
150;205;CRISANTI;ANGELA FRANCESCA;VIA MOLINO33;80024;CARDITO;NA
150;205;D'AMBROSIO;VINCENZO;CORSO LMANZI147;80077;ISCHIA;NA
150;205;VITAGLIANO;ANTONIETTA;VIA MANZONI 22;80023;CAIVANO;NA
150;205;EVANGELISTI;MARGHERITA;VIA F TURATI 12;80024;CARDITO;NA
150;205;DEL PRETE;RAFFAELE;VIA PIGNA51;80020;CRISPANO;NA
150;206;BOCCIA;CAROLINA;VIA NAPPI   13;80040;POGGIOMARINO;NA
150;206;BELLO;LORENZO;;80065;;
150;206;BALLETTI;ANNALISA;VIA PAPINI 8;80046;SAN GIORGIO A CREMANO;NA
150;206;BUONAGURA;GIOSUE';VIA TRIESTE  274;80036;PALMA CAMPANIA;NA
150;206;BARBATO;LIVIA;VIA A  ALISE  88;80034;MARIGLIANO;NA
150;206;BERNARDO;NUNZIA SONIA;;80061;;
150;206;BORRELLI;MARIA;;80058;TORRE ANNUNZIATA;NA
150;206;ABETE;ANTONIO;VIA PRIMICERIO  44;80048;SANT'ANASTASIA;NA
150;206;IACCARINO;FELICIA;;80053;CASTELLAMMARE DI STABIA;NA
150;206;CHIANESE;ANNAMARIA;VIA MATTIULI  4;80047;SAN GIUSEPPE VESUVIANO;NA
150;206;CHIANESE;PIERLUIGI;;80053;CASTELLAMMARE DI STABIA;NA
150;206;CALABRIA;CARMELA;VIA MARIGLIANO  206;80049;SOMMA VESUVIANA;NA
150;206;CALBI;MAURO;VIA PADULA 78;80100;BRUSCIANO;NA
150;206;CIMMARRUSTI;STELLA TIZIANA;;80045;POMPEI;NA
150;206;ACAMPORA;GIOVANNI;;80051;AGEROLA;NA
150;206;CIAMPA;PAOLA MARIA CINZIA;VIA PASSARIELLO  49;80038;POMIGLIANO D'ARCO;NA
150;206;CIPIO;GIUSEPPE;;80056;ERCOLANO;NA
150;206;COPPOLA;GIUSEPPE;VIA D'AURIA  116;80048;SANT'ANASTASIA;NA
150;206;CAPRIOLI;VINCENZO;VIA POMPEO  17;80038;POMIGLIANO D'ARCO;NA
150;206;CAPUTO;VINCENZO;;80058;TORRE ANNUNZIATA;NA
150;206;CARLOMAGNO;FRANCESCO;VIA SAN MASSIMO;80035;NOLA;NA
150;206;CORREALE;MARIA RAFFAELLA;VIA A ALISE  88;80034;MARIGLIANO;NA
150;206;CARTIGLIA;MARIA LAURA;;80063;SANT'ANTONIO ABATE;NA
150;206;CASILLO;TERESA;VIA SANTA MARIA LA SCALA  31;80047;SAN GIUSEPPE VESUVIANO;NA
150;206;CASSESE;MARIA ANTONIETTA;;80054;GRAGNANO;NA
150;206;CATAPANO;ANTONIO;VIA FIUME 7/BIS;80040;TERZIGNO;NA
150;206;DI BARTOLOMEO;ASSUNTA;;80055;;
150;206;DI CROSTA;VINCENZO;;80059;;
150;206;DI DONNA;CIRO;;80059;;
150;206;DEL GAIZO;DONATELLA;C SO UMBERTO I 301;80034;MARIGLIANO;NA
150;206;DELLA ROCCA;ADELAIDE;;84081;POMPEI;NA
150;206;DILENGITE;CLELIA;;80063;;
150;206;D'ALESSIO;GIANFRANCO;;80063;;
150;206;DAMIANO;ANNA;VIA D  RICCARDI N  84;80040;CERCOLA;NA
150;206;D'ONOFRIO;ANTONIETTA;VIA PRINCIPE DI PIEMONTE  89;80038;POMIGLIANO D'ARCO;NA
150;206;DI NOLA;MARIA;VIA ARCIV D'AMBROSIO  42;80040;POGGIOMARINO;NA
150;206;DONNARUMMA;MARIA;VIA S PIETRO  38;80049;SOMMA VESUVIANA;NA
150;206;DE ROSA;CESARE;VIA PRINCIPESSA MARGHERITA;80035;NOLA;NA
150;206;DE RASIS;GIOVANNI;VIA DEI CAMPI 26;;MASSA LUBRENSE;NA
150;206;DE ROSA;EMILIA;VIA DON MINZONI 134;80053;CASTELLAMMARE DI STABIA;NA
150;206;D'ASCOLI;UMBERTO MARIA;VIA NUOVA SAVIANO 238;80040;SAN GENNARO VESUVIANO;NA
150;206;DESGRO;MARIA;;80058;;
150;206;D'AVINO;ANTONIO;;;;
150;206;DE VITO;LUCIA;VIA DEGLI ORTI  20;80039;SAVIANO;NA
150;206;FEDERICO;ANIELLO;;80042;;
150;206;FULGIONE;ANGELA;;80040;;
150;206;FORIA;GIUSEPPE;VIA D'AURIA  116;80055;SANT'ANASTASIA;NA
150;206;FERRARO;SAVERIO;VIA MARCIOTTI  88;80047;SAN GIUSEPPE VESUVIANO;NA
150;206;FARRIS;EVELINA;;80056;;
150;206;FREZZA;FORTUNATA;VIA G  IERVOLINO  275;80058;POGGIOMARINO;NA
150;206;FUSCO;GABRIELLA;VIA FERROVIA  147;80040;SAN GENNARO VESUVIANO;NA
150;206;FASANO;ANTONIETTA;VIA CAPITANO  86;80038;POMIGLIANO D'ARCO;NA
150;206;GIUGLIANO;CAROLINA;V LE CORTIELLO;80040;MASSA DI SOMMA;NA
150;206;GILIBERTI;GIUSEPPE;;80040;;
150;206;GIULIANO;MARIA;COSTANTINOPOLI 188;80049;SOMMA VESUVIANA;NA
150;206;GALASSO;GIUSEPPE FRANCESCANTONIO;VIA OLMO 6;80033;CICCIANO;NA
150;206;GENSINI;ETTORE;VIA L  EINAUDI N  82;80040;VOLLA;NA
150;206;HENSEN;JOANNE MARGARETHA;VIA DON MINZONI N 78;80040;CERCOLA;NA
150;206;ALOI;GIUSEPPE;;;;
150;206;LEBOFFE;SERGIO;VIA  RECANATI  55;80146;SAN GIORGIO A CREMANO;NA
150;206;ALFANO;ROSSANA;VIA D MINZONI 134;80053;CASTELLAMMARE DI STABIA;NA
150;206;ILLIANO;GIUSEPPE;VIA XX SETTEMBRE  41;80047;SAN GIUSEPPE VESUVIANO;NA
150;206;LIMAURO;RAFFAELE;;80059;;
150;206;LA PIETRA;MICHELE;PIAZZA DURELLI  N  13/B;80044;OTTAVIANO;NA
150;206;LA REZZA;GIUSEPPE;VIA P CIRILLO;80030;ROCCARAINOLA;NA
150;206;LOSCALZO;FRANCESCA;C SO V  EMANUELE  30;80034;CASTELLO DI CISTERNA;NA
150;206;ALVANO;LEONTINA;VIA D  ALIGHIERI N  47;80046;VOLLA;NA
150;206;OLIVA;SERGIO;;;;
150;206;AMBROSINO;FRANCESCO;VIA CONTE FILO  10;80045;CIMITILE;NA
150;206;AMBROSINO;ELEONORA;VIA CIMITERO  47;80039;SAVIANO;NA
150;206;MICERA;CARLO;VIA A MORO 24;80046;SAN GIORGIO A CREMANO;NA
150;206;MIGLIACCIO;AGNESE;;80046;;
150;206;MOLINARO;MARIA FRANCESCA;;80059;;
150;206;MEMOLI;VINCENZO;;80053;CASTELLAMMARE DI STABIA;NA
150;206;AMENO;VINCENZO;;80059;;
150;206;MINELLA;RAFFAELE;VIA S  MASSIMO;80035;NOLA;NA
150;206;MANETTI;STEFANIA;;80063;;
150;206;EMENTATO;STEFANO;VIA XX SETTEMBRE  41;80047;SAN GIUSEPPE VESUVIANO;NA
150;206;MANZO;TERESA;VIA S GIACOMO N 52;80040;POLLENA TROCCHIA;NA
150;206;MARCHESE;LUIGIA;;80058;SANTA MARIA LA CARITA';NA
150;206;MEROLLA;ENNIO;VIA A  MORO  26;80100;SOMMA VESUVIANA;NA
150;206;MARINO;ANNA MARIA;;80056;ERCOLANO;NA
150;206;MURANO;ANTONELLA;CORSO ITALIA 243;80067;SORRENTO;NA
150;206;MARESCA;NATALE;;80069;;
150;206;MARTINI;ADELE;;80100;;
150;206;MASCOLO;GIUSEPPINA;;80054;GRAGNANO;NA
150;206;MESSALLI;CARMELA;;80041;;
150;206;MAESTRO;MARIA ROSARIA;VIA LIBERTA'  32;80034;MARIGLIANO;NA
150;206;IANNELLO;CARLO;VIA PRINCIPESSA MARGHERITA  11;80035;NOLA;NA
150;206;NUNZIATA;FRANCESCA ROSA;VIA S  MASSIMO  137;80035;NOLA;NA
150;206;NAPOLITANO;GERARDO;VIA GALANTE 80;80046;SAN GIORGIO A CREMANO;NA
150;206;NAPPI;LEONILDE;VIA S BARTOLOMEO;80030;ROCCARAINOLA;NA
150;206;INTOCCIA;LUIGI;;;;
150;206;ANTIGNANI;RACHELE GIUSEPPINA;VIA L DA VINCI;80038;POMIGLIANO D'ARCO;NA
150;206;NAZZARO;ASSUNTA;;;;
150;206;APICELLA;COSTANTINO;;80062;;
150;206;PAGANO;OLIMPIA;;80058;;
150;206;PAGANO;ANTONIO;;80053;CASTELLAMMARE DI STABIA;NA
150;206;OPALLO;ANTONIO;VIA V  EMANUELE  112;80030;CASTELLO DI CISTERNA;NA
150;206;PALESCANDOLO;MICHELE;;80069;GRAGNANO;NA
150;206;PELUSO;EMILIANO;VIA FERRARI  118;80036;PALMA CAMPANIA;NA
150;206;PANICO;ANNA MARIA;VIA MICHELANGELO  12;80031;POMIGLIANO D'ARCO;NA
150;206;PEPE;GIUSEPPE;;80054;CASOLA DI NAPOLI;NA
150;206;PAPARO;LUIGI;P ZZA DONIZETTI N  19;80040;POLLENA TROCCHIA;NA
150;206;PIERI;CARMELA;VIA ROSSI N  37;80040;VOLLA;NA
150;206;PARISI;ATTILIO;;80059;;
150;206;PROTA;ABELE;;80054;GRAGNANO;NA
150;206;PISCITELLI;ANTONIO;VIA TAVERNOLA 67;80053;CASTELLAMMARE DI STABIA;NA
150;206;APUZZO;GIULIANA;;80069;;
150;206;PIZZA;LUCIA CAROLINA;VIA R NAPOLITANO  123;80030;COMIZIANO;NA
150;206;AURICCHIO;ALBA MARIA;;80041;BOSCOREALE;NA
150;206;RICCARDI;VINCENZO;VIA MATERDOMINI 118;80030;MARIGLIANELLA;NA
150;206;REA;LUCIANA;VIA D'AURIA  116;80048;SANT'ANASTASIA;NA
150;206;ARGO;GIOVANNA;;80100;CASTELLAMMARE DI STABIA;NA
150;206;IORIO;LUIGI;;80041;;
150;206;RIMEDIO;CONCETTINA CARMEN;VIA RISORGIMENTO  99;80030;SCISCIANO;NA
150;206;OROPALLO;EUGENIO;;80058;;
150;206;ROSSANO;FRANCESCA;;80056;;
150;206;RUSSO;ANTONIETTA;;80059;;
150;206;ORESTE;ANDREA ETTORE;VIA NAZARIO SAURO  34;80040;STRIANO;NA
150;206;ARTICOLO;LUIGI;;80059;;
150;206;SABETTI;PATRIZIA;;80100;;
150;206;SGRILLO;ROSA;PZZA CARMINE 38;80049;SOMMA VESUVIANA;NA
150;206;SALVATI;PIERA;VIA MARCONI  26;80100;BRUSCIANO;NA
150;206;SANNONER;GIUSEPPE;;80059;;
150;206;SANNINO;ERMANNO;;80056;;
150;206;SAPIA;ANNA GIOVANNA;;;;
150;206;SPAGNUOLO;LICIA;;80053;CASTELLAMMARE DI STABIA;NA
150;206;SPERANZA;FRANCESCO SAVERIO;;80059;;
150;206;SAPERE;SABRINA;;80055;;
150;206;ESPOSITO;GIUSEPPINA;VIA ROSSI N 176;80040;VOLLA;NA
150;206;ESPOSITO;ANDREINA;;80045;POMPEI;NA
150;206;SORGENTE;SALVATORE;VIA ROMA 12;80046;SAN GIORGIO A CREMANO;NA
150;206;SORRENTINO;ELVIRA;VIA G  LEOPARDI  N  24;80044;OTTAVIANO;NA
150;206;SESSA;OLGA;;80059;;
150;206;SASSI;ROBERTO;P ZZA DELL' AUTONOMIA  N  8;80040;MASSA DI SOMMA;NA
150;206;STILE;VINCENZO;;80054;GRAGNANO;NA
150;206;SAVIANO;MICHELE;PIAZZA DURELLI  N  13/B;80044;OTTAVIANO;NA
150;206;SEVERINO;VINCENZO;;80040;;
150;206;TAMBURRO;ANGELA;;80040;;
150;206;TERMINIELLO;VITO;VIA A GRANDI 52;80040;SAN SEBASTIANO AL VESUVIO;NA
150;206;OTTAGONO;CARMELA;;80058;;
150;206;VIOLA;MARIA;VIALE MANZONI 10;80040;POGIOMARINO;NA
150;206;VOLPE;GIUSEPPINA;VIALE DELLE ORCHIDEE  11;80040;TERZIGNO;NA
150;206;AVINO;GENNARO;VIA A  ALISE  88;80049;MARIGLIANO;NA
150;206;VANGONE;GEMMA;;80041;BOSCOREALE;NA
150;206;IOVENE;ANTONIO;;80058;SANTA MARIA LA CARITA';NA
150;206;AVETA;GIUSEPPINA;;;;
150;206;VIATI;MARIA;;80069;;
150;206;VITIELLO;GIUSEPPE;;80041;;
150;206;VITTER;PASQUALE;;80058;;
150;206;ZINNO;CARMELA;;80059;;
150;201;BOCCIA;VINCENZO;VIA PRINCIPE AMEDEO;83029;SOLOFRA;AV
150;201;BUONGIOVANNI;CARMEN;PIAZZA UMBERTO I 8;83024;MONTEFORTE IRPINO;AV
150;201;BARBARO;SERGIO;VIA F LLI CIOCCA 12;83013;AVELLINO;AV
150;201;BASILE;RITA;VIA M CIANCIULLI;83048;MONTELLA;AV
150;201;CAGGIANO;ELIO;VIALE ITALIA 28;83100;AVELLINO;AV
150;201;COMI;ROSA;;83037;ARIANO IRPINO;AV
150;201;CAPACCHIONE;ANDREA;VIA B DUARDO N15;83030;MANOCALZATI;AV
150;201;COPPOLA;TEODORO;VIA COLOMBO 54;83100;AVELLINO;AV
150;201;CARUSO;ENRICO;;83047;LIONI;AV
150;201;DE DONATO;MICHELE;VIA NAZIOINALE;83036;MIRABELLA ECLANO;AV
150;201;DE GREGORIO;NICOLA;;83031;ARIANO IRPINO;AV
150;201;DE LUCA;PIETRO;;83100;VALLATA;AV
150;201;DEL GUERCIO;ANGELO MICHELE;;;CALABRITTO;AV
150;201;DI MEO;ERMINIA;CRESCITELLI12;83100;AVELLINO;AV
150;201;D'AMORE;ROSA;VIA SAN NICOLA 9;83038;MONTEMILETTO;AV
150;201;DONATIELLO;ANNA LEONARDINA;VIA DE SANCTIS;;LACEDONIA;AV
150;201;DE SIMONE;FRANCESCO;VIA C ORSIGNANO N 9;83020;SANTA LUCIA DI SERINO;AV
150;201;FALCO;PIETRO;VIA ROMA 199;83025;MONTORO FRAZIONE PIANO;AV
150;201;FARIELLO;IMMACOLATA;VIA RAMPA ANNUNZIATA;83011;ALTAVILLA IRPINA;AV
150;201;GIORDANO;CATERINA;PARCO ABATE 12;83100;AVELLINO;AV
150;201;GUARDABASCIO;MARIA FRANCESCA;VIA CARDITO;83031;ARIANO IRPINO;AV
150;201;GRAZIOSI;OTTAVIANA;;83055;VALLATA;AV
150;201;GIOVANNIELLO;FIORELLA;;83055;VALLATA;AV
150;201;LO CASALE;FIORINA;;83031;ARIANO IRPINO;AV
150;201;LIMONGELLI;ANTONIO;VIA TRIPOLI N8;83042;ATRIPALDA;AV
150;201;LAPENNA;MARIA;VIA ROMA  N42;83020;CESINALI;AV
150;201;LIPPIELLO;MICHELE;VIA PESCATORE 90-92;83042;SERINO;AV
150;201;LAZZARINI;PAUL;VIA TAGLIAMENTO112;83100;AVELLINO;AV
150;201;AMODEO;BIANCA MARIA;VIA VERDI;83100;AVELLINO;AV
150;201;MENINNO;VALENTINO;;83035;TAURASI;AV
150;201;MASUCCI;ROSA;MUNICIPIO 100;83026;MONTORO SUPERIORE;AV
150;201;MAZZEI;ATTILIO;VIA CAMPO  DI MAIO;83013;SUMMONTE;AV
150;201;NIGRO;ADELE;;83048;MONTELLA;AV
150;201;NAPOLITANO;VITTORIA;VIA CARMIGNANO 16;83021;AVELLA;AV
150;201;PASTORE;ALBERTO;VIA ALDO MORO N 86;83030;MONTEFALCIONE;AV
150;201;RUGGIERO;MARIA;VIA ROMA 111;83012;CERVINARA;AV
150;201;RESCIGNO;MASSIMO;VIA MOSCATI 20;83100;AVELLINO;AV
150;201;SOLE;ALFONSINA NATALIA;VIA ARCO;83040;CHIUSANO DI SAN DOMENICO;AV
150;201;SANSONE;RENATO;;82016;;
150;201;TARONE;ALBA;;83031;ARIANO IRPINO;AV
150;201;TROTTA;VINCENZO;VIA GIOVANNI XXIII 35;83027;MUGNANO DEL CARDINALE;AV
150;201;ZONA;SANTINO SALVATORE;PIAZZA CONTE ORSINI;83020;PAGO DEL VALLO DI LAURO;AV
150;201;AZ ZEQEH;NASHAT;;83054;SANT'ANGELO DEI LOMBARDI;AV
150;201;SARNO;MICAELA;VIA LUIGI TOGLIATTI 6;83022;BAIANO;AV
150;204;AMOROSI;WANDA;CARLO DE CESARE 53;80132;NAPOLI;NA
150;204;SANDOMENICO;MARIA LUISA;VIA POSILLIPO 239;80123;NAPOLI;NA
150;204;SANTANGELO;MARIA TERESA;PARCO MARGHERITA1;80121;NAPOLI;NA
150;204;CACCIAPUOTI;MARIA;FGIORDANI  23;80122;NAPOLI;NA
150;204;SARTORIO;RENATA;SCHIPA 22/24;80122;NAPOLI;NA
150;204;CAPUANO;PAOLA;CARLO DE CESARE  64;80132;NAPOLI;NA
150;204;MICHILLI;MONICA;VIA MANZONI  157;80123;NAPOLI;NA
150;204;FINELLI;EMILIA;VIA CRISPI  36/A;80122;NAPOLI;NA
150;204;GASPARINI;NICOLETTA;TASSO 169/D;80127;NAPOLI;NA
150;204;D'ALLIO;PAOLA;CINTIA PCO S PAOLO 45;80126;NAPOLI;NA
150;204;DONADIO;ERNESTO;R CARAVAGLIOS 4;80125;NAPOLI;NA
150;204;MARSILIA;ANTONIO;AUGUSTO 122;80125;NAPOLI;NA
150;204;BALDASSARRE;CLARA;VIALE CAMPI FLEGREI 38;80124;NAPOLI;NA
150;204;MONTINI;TOMMASO;SFERRARA15;80124;NAPOLI;NA
150;204;ERCOLINI;PAOLA;VIA ILIONEO 116;80124;NAPOLI;NA
150;204;TRONCONE;MARIA ROSARIA;LEPANTO 111;80125;NAPOLI;NA
150;204;CRITELLI;CATERINA;F ILLUMINATO 30 -;80125;NAPOLI;NA
150;204;IOVINE;ALFREDO;P GAURICO 21;80125;NAPOLI;NA
150;204;NUMEROSO;VINCENZO;VIA LEPANTO 111;80125;NAPOLI;NA
150;204;BUFFARDI;FLORIANA;CONSALVO 93/B;80125;NAPOLI;NA
150;204;MINOPOLI;ROSANNA;V PAOLO DVALLE P DSORRISO;80126;NAPOLI;NA
150;204;TOSCANO;PORFIRIO ERMEN TOMMA;VIA DELL'EPOMEO 85;80126;NAPOLI;NA
150;204;AMBROSIO;EMILIO;VIA SAN DONATO 13 PT;80126;NAPOLI;NA
150;204;PAONE;MARIA CRISTINA;VIA SANDRO BOTTICELLI N26;80126;NAPOLI;NA
150;204;ROMANO;GIUSEPPE;VIA SANDRO BOTTICELLI 26;80126;NAPOLI;NA
150;204;GRISOLIA;GABRIELE;VIA GIUSTINIANO 136;80126;NAPOLI;NA
150;204;BALLETTA;MAURIZIO;VIA SAN DONATO 13;80126;NAPOLI;NA
150;204;PONDRANO ALTAVILLA;MAURIZIO;VIA SAN DONATO;80126;NAPOLI;NA
150;204;OGGERO;VANDA;CORSO DUCA D'AOSTA;80126;NAPOLI;NA
150;204;MARRA;RAFFAELLA;VIA TALETE DI MILETO;80126;NAPOLI;NA
150;204;ABRONZINO;VITTORIO;VIA SAN DONATO3;80126;NAPOLI;NA
150;204;GRECO;PALMIRA;VIA ANTONINO PIO 15;80126;NAPOLI;NA
150;204;DATTILO;ANNABELLA;VIA DELL'EPOMEO 137/B;80126;NAPOLI;NA
150;204;DELLO IACOVO;MIRELLA;CORSO DUCA D'AOSTA 13;80126;NAPOLI;NA
150;204;DE FRANCHIS;RAFFAELLA;VIA DELL'EPOMEO 85;80126;NAPOLI;NA
150;204;GAETANIELLO;LUCIA;VIA SAN DONATO 3;80126;NAPOLI;NA
150;204;GRIMALDI;MASSIMO;VIA KERBAKER 61;80129;NAPOLI;NA
150;204;MAYER;MARINA;VIA BERNARDO CAVALLINO 89;80128;NAPOLI;NA
150;204;ECUBA;PAOLA;VIA  F FLORIMO 3;80127;NAPOLI;NA
150;204;FONTANELLA;ANGIOLA;VIA LIBROIA  7/C;80129;NAPOLI;NA
150;204;FIORE;MICHELE;VIALE MICHELANGELO 71;80128;NAPOLI;NA
150;204;CAPONE;PASQUALE;FSCO FLORIMO 3;80128;NAPOLI;NA
150;204;FEROLA;ANNA;PZZA DEGLI ARTISTI 27;80129;NAPOLI;NA
150;204;MIELE;SILVANA;VIA FLORIMO 3;80128;NAPOLI;NA
150;204;ARCESE;UGO;VIA M SEMMOLA 136;80131;NAPOLI;NA
150;204;PANETTA;MARIA LUISA;VIA A FALCONE 32;80127;NAPOLI;NA
150;204;DE STEFANO;MARIA;VIA BERNINI 101;80129;NAPOLI;NA
150;204;SERRA;SILVANA;VIA D FONTANA 40;80128;NAPOLI;NA
150;204;LIGUORI;GIUSEPPE;VIA G GIGANTE 43;80128;NAPOLI;NA
150;204;PICARDI;PATRIZIA;O FRAGNITO  43;80131;NAPOLI;NA
150;204;DE ROSA;STANISLAO MARIO;PARCO LUCREZIA SC G II PIANO;;NAPOLI;NA
150;204;ZACCARIA;SERGIO;VIA A LABRIOLA COM G IS 11;80145;NAPOLI;NA
150;204;ROSSI;REMO;VIA VZO IANFOLLA 393;80144;NAPOLI;NA
150;204;BARBATI;ANNA MARIA;VIA A LABRIOLA LOTTO G IS 11;80145;NAPOLI;NA
150;204;DI LORENZO;LUIGI;VIA DELL'ABBONDANZA 26;80145;NAPOLI;NA
150;204;GIACCIO;GIULIANA;VIA G A CAMPANO 46;80145;NAPOLI;NA
150;204;MANESE;MARIA;VIA S IGNAZIO DI LOYOLA 30;80131;NAPOLI;NA
150;204;MUSTO;ANNA;PZZA MARGHERITA 16;80145;NAPOLI;NA
150;204;MICILLO;MARIA;VLE DELLA RESISTENZA  25 LT N;80145;NAPOLI;NA
150;204;CECERE;GAETANO;PRESSO DIST 48;;NAPOLI;NA
150;204;DE MARCO;GIULIO;VLE RESISTENZA;80144;NAPOLI;NA
150;204;LATTE;FRANCESCA;VIA FSCORRERA 16;80135;NAPOLI;NA
150;204;IMPROTA;ANTONIO;VIA BCAVALLINO31 PCO ICE SN;80128;NAPOLI;NA
150;204;VETRANO;FILOMENA;VIA E NICOLARDI 52/T;80131;NAPOLI;NA
150;204;PICONE;AMALIA;CORSO AMEDEO DI SAVOIA;80135;NAPOLI;NA
150;204;RUSSO;STEFANIA;VIA BCAIROLI 75;80141;NAPOLI;NA
150;204;D'ERRICO;RAFFAELE;VIA PIETRAVALLE 4;80131;NAPOLI;NA
150;204;VICEDOMINI;DANILO;VIA CARLO DE MARCO N9/B;80137;NAPOLI;NA
150;204;CIMADUOMO;LUIGI;VIA DEL TORO (COLLI AMINEI);80131;NAPOLI;NA
150;204;BOZZA;LUIGI;VIA GB DELLA SALLE 8;80136;NAPOLI;NA
150;204;CRUSCO;ROSARIA;VIALE DEL POGGIO 50;80131;NAPOLI;NA
150;204;ARCIERI;GIUSEPPE;GIUSEPPE PIAZZI;80100;NAPOLI;NA
150;204;PISANI;ADELE;VIALE DELLO ZODIACO ISM;80144;NAPOLI;NA
150;204;TURRA';FULVIO;CSO SECONDIGLIANO 236;80144;NAPOLI;NA
150;204;IODICE;NICOLA;CORSO SECONDIGLIANO 562/B;80144;NAPOLI;NA
150;204;PETITO;ANNA;VIA MONTE GRAPPA 13;80144;NAPOLI;NA
150;204;ESPOSITO;ALDO;CSO SECONDIGLIANO 236;80144;NAPOLI;NA
150;204;IANNONE;AGNESE;CSO SECONDIGLIANO 236;80144;NAPOLI;NA
150;204;DI VAIA;PASQUALE;CSO SECONDIGLIANO 236;80144;NAPOLI;NA
150;204;GUZZETTA;VITO;PIAZZA DELLA MILIZIA;80145;NAPOLI;NA
150;204;GIORDANO;RACHELE;VIA MONTE FAITO 136;80144;NAPOLI;NA
150;204;MATTIA;CUSTODE;;80145;NAPOLI;NA
150;204;DE LUCIA;TERESA;VIA NUOVO TEMPIO 189;80144;NAPOLI;NA
150;204;PIROZZI;MARIA;ETTORE LUPO;80144;NAPOLI;NA
150;204;IMPARATO;ALFREDO;VIA P LUDOVICO DA CASORIA 55;80142;NAPOLI;NA
150;204;CORTESE;PAOLO;VIA PONTE DI TAPPIA 62;80142;NAPOLI;NA
150;204;COSTABILE;MAURIZIO;VIA TOLEDO 156;80134;NAPOLI;NA
150;204;WANDERLINGH;PAOLA;VIA GESU' E MARIA 3;80135;NAPOLI;NA
150;204;CANALE;PASQUALE;VIA TOLEDO 156;80134;NAPOLI;NA
150;204;CASTALDO;ELOISA;VIA ENRICO COSENZ 13;80142;NAPOLI;NA
150;204;LIGUORI;GENNARO;VIA GESU' E MARIA 3;80135;NAPOLI;NA
150;204;KARIM;AMAD YOUSIF;VIA ROMA 424;80134;NAPOLI;NA
150;204;HABETSWALLNER;DANIELA;VIA GESU' E MARIA 3;80135;NAPOLI;NA
150;204;SCALISE;LUIGINA LILIANA;VIA DEL GRANDE ARCHIVIO 32;80138;NAPOLI;NA
150;204;GIUGLIANO;BRUNELLA;VIIA MATTEO RENATO IMBRIANI 94;80100;NAPOLI;NA
150;204;CAPASSO;ANTONELLA;TAVERNA DEL FERRO 131;80146;NAPOLI;NA
150;204;DI COSTANZO;ANNA;VIA RISANAMENTO 96;80146;NAPOLI;NA
150;204;SPENA;RENATA;VIA RISANAMENTO 96;80147;NAPOLI;NA
150;204;MAIOLINO;IOLE;COM OTTAVIANO 86 BIS;80147;NAPOLI;NA
150;204;DE PROSPERIS;ANTONIO;COM OTTAVIANO 86 BIS;80147;NAPOLI;NA
150;204;ZINGALE;FRANCA;LAGO PATRIA 75;80147;NAPOLI;NA
150;204;DEL PRETE;GIOVANNI BATTISTA;S GIOVANNI 272;80144;NAPOLI;NA
150;204;TAMMARO;FRANCESCA;A C DE MEIS 409;80147;NAPOLI;NA
150;204;PICARDI;MICHELE;VIALE MARGHERITA 24;80147;NAPOLI;NA
150;204;URIO;ANNA;B LONGO 306;80147;NAPOLI;NA
150;204;DE PAOLA;PAOLA;CSO 4 NOVEMBRE;80147;NAPOLI;NA
150;204;SPADARO;RAFFAELLA;VIA RISANAMENTO 96;80147;NAPOLI;NA
150;204;MAIELLO;RITA;VIA COM OTTAVIANO 86;;NAPOLI;NA
150;204;BUONAVOLONTA';ROBERTA;MARGHIERI;80147;NAPOLI;NA
150;204;COLINET;MARIA GRAZIA;PIAZZA CARLO III;80141;NAPOLI;NA
150;204;DE FILIPPIS;ALBERTO;CAL PONTE DI CASANOVA 28;80143;NAPOLI;NA
150;204;TORTORA;MATILDE;VIA SLUCIA FILIPPINI 20;80142;NAPOLI;NA
150;204;DE GIOVANNI;MARIA;VTTO I S PAOLO;80138;NAPOLI;NA
150;204;PEPE;AMELIA;VIA DUOMO 22;80138;NAPOLI;NA
150;204;CARUSO;IGINIO;PONTE DI CASANOVA 28;80143;NAPOLI;NA
150;204;PASSALACQUA;PAOLA;C/SO MERIDIONALE 18;80143;NAPOLI;NA
150;204;COLLINI;ROSARIA;CALPONTE DI CASANOVA 28;80143;NAPOLI;NA
150;204;DE ROSE;MARIA ANTONIETTA;PIAZZA CARLO III;80141;NAPOLI;NA
150;204;MANZO;RAFFAELE;CALPONTE DI CASANOVA 28;80143;NAPOLI;NA
150;204;VARANELLI;MARIA ANTONIETTA;VIA FIRENZE;80100;NAPOLI;NA
150;204;CICCARELLI;NICOLA PAOLO;VIA APOERIO 50;80139;NAPOLI;NA
150;204;MORGERA;CANDIDA;VIA STADERA 49;80143;NAPOLI;NA
150;204;PERCOPO;SELVAGGIA;VIA NPOGGIOREALE 45/A;80143;NAPOLI;NA
150;204;MOFFA;MARGHERITA;;80073;CAPRI;NA
150;204;PUOPOLO;PATRIZIA;VIA LONGANO;;CAPRI;NA
150;202;CARUSO ;VINCENZO;VIA PCEVECCHIA 20;;BENEVENTO;BN
150;202;CIOFFI ;PASQUALE;VIA SANNITA;;AIROLA;BN
150;202;CRISCI ;GEPPINA;VIA TESA CENTRO 71;;MONTESARCHIO;BN
150;202;MASSARO ;CLAUDIO;VIA PENNINO TRAV PCO MUSTILL;;NAPOLI;BN
150;202;ARIGLIANI ;RAFFAELE;VIA S ROSA 6;;BENEVENTO;BN
150;202;MAROTTA ;ANTONIO;VIA SAN BIAGIO 3;;LIMATOLA;BN
150;202;IZZO ;ANNAMARIA;VIA PROVINCIALE 95;;BENEVENTO;BN
150;202;VICARIO ;VALERIA;III TRAVIA CP TELESINO;;NAPOLI;BN
150;202;ONOFRIO ;ELODIA;VIA FONTANAVECCHIA;;FAICCHIO;BN
150;202;CICCHELLA ;NICOLA;VIA CIMBAROLI 2;;ALATRI;BN
150;202;SORICELLI ;MAURIZIO;VIALE ATLANTICI 6;;GABICCE MARE;BN
150;202;BOZZUTO ;GIUSEPPE;VIA ROMA;;CASTELPAGANO;BN
150;202;RANIERI ;GRAZIELLA;VIA ALDO MORO;;MILANO;BN
150;202;MARTUCCI ;ANTONIO GIUSEPPE;VIA NAZIONALE N 38;;FOIANO DI VAL FORTORE;BN
150;202;CASANI ;ANTONELLA;CDA BADESSA;;BENEVENTO;BN
150;202;SORICE ;NUNZIATINA;VIA SAN GMOSCATI COOP SMAR;;ATRIPALDA;BN
150;202;ROSA ;FEDERICO;VIA CERVINARA;;CEPPALONI;BN
150;202;PALUMBO ;RENATO MICHELE ANGEL;VIA ROCCE24;;SAN BARTOLOMEO IN GALDO;BN
150;202;INSOGNA ;MARZIO;VIA S SPIRITO;;MELIZZANO;BN
150;202;BALDINO ;ANTONIO;VIA CESINE DI SOTTO;;CERRETO SANNITA;BN
150;202;SAVIANO ;MARIA CARMELA;VIA XXIV MAGGIO 4;;BUONALBERGO;BN
150;202;SIMEONE ;CLAUDIO;CONTRADA MOTTA;;BENEVENTO;BN
150;202;SIMEONE ;DOMENICO;VIA S PAOLO 27;;BENEVENTO;BN
150;202;VISCUSI ;ROSA;CSO CUSANI;;FRASSO TELESINO;BN
150;202;DI ;FIORE ANNA;VIA MUNICIPIO 102;;MORCONE;BN
150;202;PARENTE ;CARMINE;VIA VENAGLIE;;BENEVENTO;BN
150;202;FLORIO ;MARIA IMMACOLATA;VIA FORCHE CAUDINE 7;;BENEVENTO;BN
